"행정구역","2026년06월_계_총인구수","2026년06월_계_연령구간인구수","2026년06월_계_0~4세","2026년06월_계_5~9세","2026년06월_계_10~14세","2026년06월_계_15~19세","2026년06월_계_20~24세","2026년06월_계_25~29세","2026년06월_계_30~34세","2026년06월_계_35~39세","2026년06월_계_40~44세","2026년06월_계_45~49세","2026년06월_계_50~54세","2026년06월_계_55~59세","2026년06월_계_60~64세","2026년06월_계_65~69세","2026년06월_계_70~74세","2026년06월_계_75~79세","2026년06월_계_80~84세","2026년06월_계_85~89세","2026년06월_계_90~94세","2026년06월_계_95~99세","2026년06월_계_100세 이상","2026년06월_남_총인구수","2026년06월_남_연령구간인구수","2026년06월_남_0~4세","2026년06월_남_5~9세","2026년06월_남_10~14세","2026년06월_남_15~19세","2026년06월_남_20~24세","2026년06월_남_25~29세","2026년06월_남_30~34세","2026년06월_남_35~39세","2026년06월_남_40~44세","2026년06월_남_45~49세","2026년06월_남_50~54세","2026년06월_남_55~59세","2026년06월_남_60~64세","2026년06월_남_65~69세","2026년06월_남_70~74세","2026년06월_남_75~79세","2026년06월_남_80~84세","2026년06월_남_85~89세","2026년06월_남_90~94세","2026년06월_남_95~99세","2026년06월_남_100세 이상","2026년06월_여_총인구수","2026년06월_여_연령구간인구수","2026년06월_여_0~4세","2026년06월_여_5~9세","2026년06월_여_10~14세","2026년06월_여_15~19세","2026년06월_여_20~24세","2026년06월_여_25~29세","2026년06월_여_30~34세","2026년06월_여_35~39세","2026년06월_여_40~44세","2026년06월_여_45~49세","2026년06월_여_50~54세","2026년06월_여_55~59세","2026년06월_여_60~64세","2026년06월_여_65~69세","2026년06월_여_70~74세","2026년06월_여_75~79세","2026년06월_여_80~84세","2026년06월_여_85~89세","2026년06월_여_90~94세","2026년06월_여_95~99세","2026년06월_여_100세 이상"
"서울특별시  (1100000000)","9,289,813","9,289,813","205,692","247,573","342,817","373,358","482,097","750,190","811,049","658,722","667,381","688,325","726,675","734,530","652,860","663,676","495,400","355,040","240,815","133,669","47,744","10,731","1,469","4,471,801","4,471,801","105,307","127,516","175,628","189,265","224,051","350,384","403,918","329,983","330,984","338,861","357,845","359,954","316,468","308,823","225,379","157,184","102,209","50,787","14,473","2,465","317","4,818,012","4,818,012","100,385","120,057","167,189","184,093","258,046","399,806","407,131","328,739","336,397","349,464","368,830","374,576","336,392","354,853","270,021","197,856","138,606","82,882","33,271","8,266","1,152"
"서울특별시 종로구 (1111000000)","136,318","136,318","2,207","2,766","4,051","5,011","7,907","11,963","11,366","8,617","8,792","9,204","10,545","11,923","10,703","10,220","7,482","5,349","4,228","2,668","1,026","250","40","65,255","65,255","1,151","1,409","1,969","2,460","3,508","5,675","5,721","4,238","4,291","4,351","5,100","5,884","5,413","5,013","3,603","2,326","1,685","1,042","338","65","13","71,063","71,063","1,056","1,357","2,082","2,551","4,399","6,288","5,645","4,379","4,501","4,853","5,445","6,039","5,290","5,207","3,879","3,023","2,543","1,626","688","185","27"
"서울특별시 중구 (1114000000)","117,558","117,558","2,487","2,341","2,673","3,168","5,666","9,705","11,706","9,536","8,416","7,730","8,311","9,388","8,730","9,030","6,839","4,925","3,648","2,194","827","212","26","56,416","56,416","1,258","1,192","1,371","1,545","2,557","4,301","5,716","4,848","4,192","3,889","4,093","4,764","4,350","4,425","3,239","2,173","1,445","777","223","52","6","61,142","61,142","1,229","1,149","1,302","1,623","3,109","5,404","5,990","4,688","4,224","3,841","4,218","4,624","4,380","4,605","3,600","2,752","2,203","1,417","604","160","20"
"서울특별시 용산구 (1117000000)","199,648","199,648","4,747","4,990","5,993","6,576","9,480","16,107","20,383","16,581","15,083","13,813","15,223","16,184","14,368","13,480","9,630","6,794","5,125","3,368","1,358","307","58","94,807","94,807","2,393","2,526","3,088","3,287","4,034","7,240","9,793","8,162","7,544","6,711","7,279","7,907","7,116","6,524","4,465","2,975","2,018","1,218","415","93","19","104,841","104,841","2,354","2,464","2,905","3,289","5,446","8,867","10,590","8,419","7,539","7,102","7,944","8,277","7,252","6,956","5,165","3,819","3,107","2,150","943","214","39"
"서울특별시 성동구 (1120000000)","274,517","274,517","7,972","7,657","8,109","9,078","14,861","22,371","25,441","22,938","20,857","18,666","20,520","22,056","19,544","18,981","13,140","9,674","6,941","4,028","1,369","283","31","132,380","132,380","4,061","3,946","4,067","4,429","6,838","10,845","12,458","11,315","10,638","9,194","9,920","10,859","9,677","9,168","6,052","4,213","2,830","1,434","377","54","5","142,137","142,137","3,911","3,711","4,042","4,649","8,023","11,526","12,983","11,623","10,219","9,472","10,600","11,197","9,867","9,813","7,088","5,461","4,111","2,594","992","229","26"
"서울특별시 광진구 (1121500000)","330,905","330,905","5,914","7,351","10,640","12,165","20,035","34,168","33,441","23,633","22,746","23,040","24,506","26,100","23,144","22,773","16,103","11,242","7,636","4,343","1,549","332","44","158,151","158,151","3,019","3,760","5,432","6,042","9,018","15,579","16,523","11,849","11,113","11,283","11,940","12,578","11,342","10,730","7,359","5,027","3,276","1,739","455","75","12","172,754","172,754","2,895","3,591","5,208","6,123","11,017","18,589","16,918","11,784","11,633","11,757","12,566","13,522","11,802","12,043","8,744","6,215","4,360","2,604","1,094","257","32"
"서울특별시 동대문구 (1123000000)","352,848","352,848","8,859","9,085","10,730","12,579","24,257","31,286","30,548","25,691","24,559","23,881","25,713","27,004","24,027","24,907","18,610","13,474","9,868","5,482","1,850","386","52","171,755","171,755","4,612","4,545","5,495","6,276","10,814","15,066","15,281","13,182","12,591","12,138","12,966","13,506","12,081","11,898","8,628","5,892","4,041","2,045","591","96","11","181,093","181,093","4,247","4,540","5,235","6,303","13,443","16,220","15,267","12,509","11,968","11,743","12,747","13,498","11,946","13,009","9,982","7,582","5,827","3,437","1,259","290","41"
"서울특별시 중랑구 (1126000000)","376,386","376,386","7,935","8,271","10,864","12,014","16,236","27,857","33,171","26,092","25,010","25,336","27,917","32,881","32,020","32,399","23,219","15,996","10,833","5,891","1,948","436","60","183,583","183,583","4,018","4,234","5,615","6,117","7,652","13,018","16,636","13,514","12,973","13,213","14,005","15,996","15,680","15,518","10,898","7,071","4,516","2,239","569","91","10","192,803","192,803","3,917","4,037","5,249","5,897","8,584","14,839","16,535","12,578","12,037","12,123","13,912","16,885","16,340","16,881","12,321","8,925","6,317","3,652","1,379","345","50"
"서울특별시 성북구 (1129000000)","421,762","421,762","9,402","11,603","15,626","18,359","29,259","32,720","30,472","26,647","28,909","30,182","34,990","35,259","29,224","29,304","21,795","16,204","11,969","6,855","2,362","548","73","201,144","201,144","4,846","6,008","7,946","9,092","12,934","15,824","15,163","13,319","14,456","14,738","16,932","17,440","14,013","13,532","9,882","6,813","4,848","2,508","714","121","15","220,618","220,618","4,556","5,595","7,680","9,267","16,325","16,896","15,309","13,328","14,453","15,444","18,058","17,819","15,211","15,772","11,913","9,391","7,121","4,347","1,648","427","58"
"서울특별시 강북구 (1130500000)","278,041","278,041","4,052","5,311","7,900","9,758","14,484","19,079","19,201","15,147","16,836","18,968","22,937","25,210","23,214","24,505","18,503","14,385","10,545","5,759","1,814","388","45","133,590","133,590","2,026","2,741","4,082","4,886","6,269","9,172","10,026","7,998","8,847","9,834","11,538","12,285","11,301","11,423","8,178","6,002","4,189","2,131","569","83","10","144,451","144,451","2,026","2,570","3,818","4,872","8,215","9,907","9,175","7,149","7,989","9,134","11,399","12,925","11,913","13,082","10,325","8,383","6,356","3,628","1,245","305","35"
"서울특별시 도봉구 (1132000000)","298,225","298,225","4,986","6,453","9,703","11,248","13,577","18,773","20,186","16,892","18,747","20,344","24,026","27,314","25,672","27,572","20,126","14,053","10,095","5,928","2,020","437","73","143,845","143,845","2,562","3,368","5,083","5,798","6,458","9,369","10,403","8,676","9,571","10,084","11,738","12,960","12,151","12,793","9,368","6,320","4,229","2,212","588","96","18","154,380","154,380","2,424","3,085","4,620","5,450","7,119","9,404","9,783","8,216","9,176","10,260","12,288","14,354","13,521","14,779","10,758","7,733","5,866","3,716","1,432","341","55"
"서울특별시 노원구 (1135000000)","481,053","481,053","10,084","12,346","19,775","23,739","28,632","31,302","32,985","28,859","31,526","36,442","41,100","41,445","35,723","36,537","27,187","18,828","13,211","7,659","2,932","656","85","229,866","229,866","5,159","6,395","10,193","12,245","14,212","15,836","16,637","14,633","15,203","17,386","19,545","20,047","16,862","16,617","12,213","8,029","5,151","2,547","799","143","14","251,187","251,187","4,925","5,951","9,582","11,494","14,420","15,466","16,348","14,226","16,323","19,056","21,555","21,398","18,861","19,920","14,974","10,799","8,060","5,112","2,133","513","71"
"서울특별시 은평구 (1138000000)","453,212","453,212","9,157","10,627","15,338","17,741","21,278","33,186","37,205","29,852","30,693","33,006","37,481","38,632","34,123","34,995","25,838","19,281","13,772","7,776","2,604","553","74","214,139","214,139","4,801","5,417","7,800","9,001","10,281","14,982","17,757","14,901","15,207","16,181","18,146","18,419","16,087","16,020","11,381","8,210","5,612","2,960","823","131","22","239,073","239,073","4,356","5,210","7,538","8,740","10,997","18,204","19,448","14,951","15,486","16,825","19,335","20,213","18,036","18,975","14,457","11,071","8,160","4,816","1,781","422","52"
"서울특별시 서대문구 (1141000000)","299,810","299,810","6,853","8,030","10,333","11,365","19,034","25,416","24,717","20,777","20,826","20,783","23,191","24,115","21,019","20,824","14,936","11,368","8,636","5,270","1,861","401","55","141,189","141,189","3,513","4,126","5,130","5,571","8,101","11,916","12,162","10,138","10,288","10,168","11,210","11,681","10,088","9,637","6,764","4,666","3,407","1,924","591","96","12","158,621","158,621","3,340","3,904","5,203","5,794","10,933","13,500","12,555","10,639","10,538","10,615","11,981","12,434","10,931","11,187","8,172","6,702","5,229","3,346","1,270","305","43"
"서울특별시 마포구 (1144000000)","356,487","356,487","8,257","9,599","12,330","13,314","20,622","32,996","35,910","28,639","27,680","26,441","28,702","27,070","21,928","20,746","15,068","11,115","8,583","5,106","1,903","428","50","165,403","165,403","4,239","4,923","6,193","6,584","8,865","14,202","16,683","13,575","13,400","12,651","13,695","13,207","10,644","9,524","6,634","4,467","3,346","1,857","591","113","10","191,084","191,084","4,018","4,676","6,137","6,730","11,757","18,794","19,227","15,064","14,280","13,790","15,007","13,863","11,284","11,222","8,434","6,648","5,237","3,249","1,312","315","40"
"서울특별시 양천구 (1147000000)","421,247","421,247","8,135","14,040","22,536","23,059","19,578","25,338","27,280","24,222","32,005","36,528","36,295","34,720","30,942","31,252","23,223","15,494","9,244","5,010","1,875","409","62","204,885","204,885","4,180","7,222","11,582","11,939","9,892","12,439","13,801","11,847","15,300","17,620","18,095","17,025","15,016","14,553","10,771","7,232","4,000","1,788","484","90","9","216,362","216,362","3,955","6,818","10,954","11,120","9,686","12,899","13,479","12,375","16,705","18,908","18,200","17,695","15,926","16,699","12,452","8,262","5,244","3,222","1,391","319","53"
"서울특별시 강서구 (1150000000)","548,515","548,515","12,230","13,871","19,219","20,584","24,249","45,413","54,052","42,582","40,712","40,571","41,211","39,805","37,600","41,039","30,713","21,040","12,846","7,267","2,761","652","98","261,729","261,729","6,234","7,141","9,813","10,508","11,236","19,726","26,375","21,600","20,654","20,206","20,405","19,267","17,454","18,706","13,787","9,577","5,543","2,577","776","130","14","286,786","286,786","5,996","6,730","9,406","10,076","13,013","25,687","27,677","20,982","20,058","20,365","20,806","20,538","20,146","22,333","16,926","11,463","7,303","4,690","1,985","522","84"
"서울특별시 구로구 (1153000000)","382,633","382,633","9,371","9,694","12,679","14,025","16,594","28,455","33,583","28,332","26,729","27,377","29,369","30,150","28,190","29,626","22,924","16,817","10,808","5,599","1,876","390","45","186,738","186,738","4,820","5,007","6,408","7,085","8,037","13,388","16,981","14,579","13,819","13,834","14,790","14,856","13,743","13,731","10,337","7,697","4,748","2,206","572","92","8","195,895","195,895","4,551","4,687","6,271","6,940","8,557","15,067","16,602","13,753","12,910","13,543","14,579","15,294","14,447","15,895","12,587","9,120","6,060","3,393","1,304","298","37"
"서울특별시 금천구 (1154500000)","222,503","222,503","3,903","4,159","5,486","6,388","9,375","21,482","24,067","16,060","13,748","13,605","15,789","18,546","18,804","18,333","12,925","9,184","6,165","3,169","1,068","222","25","111,649","111,649","1,984","2,125","2,823","3,198","4,339","10,278","13,143","8,863","7,542","7,262","8,073","9,165","9,394","8,988","6,017","4,204","2,664","1,212","314","53","8","110,854","110,854","1,919","2,034","2,663","3,190","5,036","11,204","10,924","7,197","6,206","6,343","7,716","9,381","9,410","9,345","6,908","4,980","3,501","1,957","754","169","17"
"서울특별시 영등포구 (1156000000)","371,867","371,867","10,155","9,384","11,001","11,350","16,153","35,553","42,719","32,449","27,171","24,821","26,345","27,332","24,536","24,509","17,969","13,497","9,242","5,308","1,947","374","52","181,242","181,242","5,218","4,743","5,679","5,812","7,360","15,566","20,997","16,663","14,030","12,561","13,252","13,769","12,484","11,873","8,388","6,030","3,965","2,080","652","107","13","190,625","190,625","4,937","4,641","5,322","5,538","8,793","19,987","21,722","15,786","13,141","12,260","13,093","13,563","12,052","12,636","9,581","7,467","5,277","3,228","1,295","267","39"
"서울특별시 동작구 (1159000000)","371,999","371,999","8,284","8,911","11,532","13,411","22,918","36,122","35,294","26,930","25,147","25,366","27,990","28,372","24,616","25,093","19,002","14,627","10,202","5,691","1,993","448","50","179,484","179,484","4,299","4,561","5,902","6,868","10,635","17,380","18,032","13,759","12,778","12,638","13,647","13,784","11,739","11,449","8,452","6,171","4,406","2,229","639","105","11","192,515","192,515","3,985","4,350","5,630","6,543","12,283","18,742","17,262","13,171","12,369","12,728","14,343","14,588","12,877","13,644","10,550","8,456","5,796","3,462","1,354","343","39"
"서울특별시 관악구 (1162000000)","477,797","477,797","6,503","6,925","10,059","13,519","32,045","68,929","59,847","35,097","28,382","28,870","31,566","32,434","29,561","30,224","23,590","18,476","12,709","6,601","1,985","429","46","240,032","240,032","3,219","3,598","5,118","6,723","14,269","33,914","33,251","19,800","15,510","15,518","16,451","16,472","14,741","13,912","10,542","8,094","5,507","2,628","677","81","7","237,765","237,765","3,284","3,327","4,941","6,796","17,776","35,015","26,596","15,297","12,872","13,352","15,115","15,962","14,820","16,312","13,048","10,382","7,202","3,973","1,308","348","39"
"서울특별시 서초구 (1165000000)","414,383","414,383","10,690","15,366","22,630","23,026","20,698","26,568","29,392","27,920","33,410","37,359","36,799","31,986","24,608","24,177","19,128","14,189","9,265","4,832","1,824","451","65","196,662","196,662","5,504","7,965","11,465","11,489","9,915","12,370","14,016","12,622","15,288","17,309","17,766","15,957","11,820","11,023","8,559","6,404","4,325","2,087","643","118","17","217,721","217,721","5,186","7,401","11,165","11,537","10,783","14,198","15,376","15,298","18,122","20,050","19,033","16,029","12,788","13,154","10,569","7,785","4,940","2,745","1,181","333","48"
"서울특별시 강남구 (1168000000)","552,830","552,830","12,515","18,736","31,648","31,977","25,762","35,697","41,341","37,927","45,932","53,021","48,533","40,305","31,848","31,511","26,418","19,031","11,649","6,028","2,272","587","92","263,818","263,818","6,418","9,709","16,531","16,566","12,569","16,146","19,680","17,549","20,455","24,607","24,080","20,320","15,592","14,243","11,681","8,613","5,548","2,633","719","140","19","289,012","289,012","6,097","9,027","15,117","15,411","13,193","19,551","21,661","20,378","25,477","28,414","24,453","19,985","16,256","17,268","14,737","10,418","6,101","3,395","1,553","447","73"
"서울특별시 송파구 (1171000000)","650,258","650,258","16,945","22,553","29,320","28,530","28,509","46,411","56,419","50,409","53,080","52,101","49,762","48,995","43,897","44,554","33,458","22,131","13,080","6,680","2,696","640","88","311,081","311,081","8,610","11,612","14,915","14,358","13,928","20,917","27,031","24,135","25,412","25,116","24,235","23,612","21,008","20,413","15,538","10,532","6,080","2,658","808","143","20","339,177","339,177","8,335","10,941","14,405","14,172","14,581","25,494","29,388","26,274","27,668","26,985","25,527","25,383","22,889","24,141","17,920","11,599","7,000","4,022","1,888","497","68"
"서울특별시 강동구 (1174000000)","499,011","499,011","14,049","17,504","22,642","21,374","20,888","33,293","40,323","36,893","40,385","40,870","37,854","37,304","34,819","37,085","27,574","17,866","10,515","5,157","2,024","512","80","242,958","242,958","7,163","9,243","11,928","11,386","10,330","15,235","19,652","18,218","19,882","20,369","18,944","18,194","16,672","17,110","12,643","8,446","4,830","2,056","546","97","14","256,053","256,053","6,886","8,261","10,714","9,988","10,558","18,058","20,671","18,675","20,503","20,501","18,910","19,110","18,147","19,975","14,931","9,420","5,685","3,101","1,478","415","66"
"부산광역시  (2600000000)","3,232,370","3,232,370","70,523","94,769","134,186","131,846","145,922","184,181","203,568","184,934","214,762","241,046","252,466","271,089","262,691","288,410","220,500","155,219","98,550","55,252","18,368","3,610","478","1,570,097","1,570,097","36,118","48,508","68,816","67,183","74,119","93,956","105,752","95,160","108,987","121,898","125,589","131,514","125,299","133,724","100,310","67,963","40,503","19,239","4,734","665","60","1,662,273","1,662,273","34,405","46,261","65,370","64,663","71,803","90,225","97,816","89,774","105,775","119,148","126,877","139,575","137,392","154,686","120,190","87,256","58,047","36,013","13,634","2,945","418"
"부산광역시 중구 (2611000000)","36,306","36,306","241","354","651","868","1,746","2,864","2,408","1,583","1,713","2,083","2,704","3,122","3,245","3,957","3,315","2,467","1,661","961","274","79","10","17,580","17,580","126","201","329","399","785","1,359","1,345","871","917","1,129","1,476","1,599","1,594","1,863","1,497","1,009","665","324","74","17","1","18,726","18,726","115","153","322","469","961","1,505","1,063","712","796","954","1,228","1,523","1,651","2,094","1,818","1,458","996","637","200","62","9"
"부산광역시 서구 (2614000000)","101,216","101,216","1,673","2,304","3,378","3,655","4,729","5,710","5,475","4,598","5,653","6,806","7,667","8,619","8,688","10,114","8,257","6,200","4,195","2,494","801","172","28","48,407","48,407","866","1,182","1,785","1,841","2,197","2,784","2,785","2,344","2,870","3,481","3,914","4,391","4,295","4,631","3,688","2,629","1,618","869","206","26","5","52,809","52,809","807","1,122","1,593","1,814","2,532","2,926","2,690","2,254","2,783","3,325","3,753","4,228","4,393","5,483","4,569","3,571","2,577","1,625","595","146","23"
"부산광역시 동구 (2617000000)","83,354","83,354","1,661","1,681","2,169","2,319","2,782","4,995","5,854","4,727","4,971","5,430","6,287","7,086","6,845","8,112","6,672","5,164","3,660","2,054","718","150","17","40,508","40,508","866","883","1,112","1,165","1,340","2,318","3,037","2,522","2,630","2,943","3,329","3,683","3,410","3,864","2,965","2,176","1,402","656","177","28","2","42,846","42,846","795","798","1,057","1,154","1,442","2,677","2,817","2,205","2,341","2,487","2,958","3,403","3,435","4,248","3,707","2,988","2,258","1,398","541","122","15"
"부산광역시 영도구 (2620000000)","100,570","100,570","1,490","1,911","2,908","3,334","3,907","4,608","4,630","4,114","5,264","6,495","7,736","8,746","9,170","11,118","9,373","7,232","4,862","2,683","824","151","14","49,340","49,340","768","977","1,534","1,715","2,197","2,547","2,481","2,205","2,784","3,408","4,006","4,480","4,588","5,304","4,241","3,069","1,877","909","221","29","0","51,230","51,230","722","934","1,374","1,619","1,710","2,061","2,149","1,909","2,480","3,087","3,730","4,266","4,582","5,814","5,132","4,163","2,985","1,774","603","122","14"
"부산광역시 부산진구 (2623000000)","364,912","364,912","8,890","9,260","12,032","12,578","18,638","27,116","29,709","24,692","23,885","24,966","27,043","28,473","27,924","30,703","23,154","16,554","10,768","6,128","1,989","360","50","174,246","174,246","4,503","4,739","6,017","6,260","8,624","12,615","14,878","12,692","12,240","12,672","13,359","13,801","13,173","13,989","10,473","7,167","4,311","2,114","558","58","3","190,666","190,666","4,387","4,521","6,015","6,318","10,014","14,501","14,831","12,000","11,645","12,294","13,684","14,672","14,751","16,714","12,681","9,387","6,457","4,014","1,431","302","47"
"부산광역시 동래구 (2626000000)","271,097","271,097","6,762","9,881","13,782","12,632","11,146","13,753","15,832","15,913","19,940","22,101","21,911","21,910","19,979","22,323","17,477","12,333","7,592","4,106","1,420","275","29","130,313","130,313","3,497","5,005","7,158","6,545","5,710","6,891","7,969","7,876","9,759","10,894","10,729","10,544","9,171","10,119","7,729","5,445","3,311","1,509","390","60","2","140,784","140,784","3,265","4,876","6,624","6,087","5,436","6,862","7,863","8,037","10,181","11,207","11,182","11,366","10,808","12,204","9,748","6,888","4,281","2,597","1,030","215","27"
"부산광역시 남구 (2629000000)","254,413","254,413","5,149","7,249","10,830","11,589","15,761","14,640","14,669","13,377","16,063","18,990","20,646","20,998","18,897","21,174","16,895","12,715","8,398","4,581","1,502","260","30","123,416","123,416","2,646","3,749","5,538","5,879","7,952","7,956","7,618","6,876","8,111","9,332","10,351","10,226","9,014","9,543","7,522","5,467","3,476","1,707","403","46","4","130,997","130,997","2,503","3,500","5,292","5,710","7,809","6,684","7,051","6,501","7,952","9,658","10,295","10,772","9,883","11,631","9,373","7,248","4,922","2,874","1,099","214","26"
"부산광역시 북구 (2632000000)","260,736","260,736","5,656","7,082","10,062","10,095","10,185","13,685","16,577","14,582","15,635","17,680","20,004","24,559","25,522","26,491","18,331","11,793","7,197","3,983","1,325","255","37","127,667","127,667","2,952","3,629","5,213","5,162","5,462","7,295","8,837","7,616","8,099","8,994","9,641","11,322","12,083","12,787","8,633","5,326","2,978","1,287","309","41","1","133,069","133,069","2,704","3,453","4,849","4,933","4,723","6,390","7,740","6,966","7,536","8,686","10,363","13,237","13,439","13,704","9,698","6,467","4,219","2,696","1,016","214","36"
"부산광역시 해운대구 (2635000000)","370,739","370,739","7,859","11,847","17,571","17,118","15,242","19,268","21,007","20,245","25,094","29,779","31,755","33,412","30,586","31,341","23,420","16,067","10,375","6,148","2,096","458","51","177,281","177,281","4,080","5,990","9,080","8,822","8,014","9,835","10,745","9,995","12,156","14,334","14,987","15,768","14,339","14,512","10,708","6,992","4,152","2,108","563","87","14","193,458","193,458","3,779","5,857","8,491","8,296","7,228","9,433","10,262","10,250","12,938","15,445","16,768","17,644","16,247","16,829","12,712","9,075","6,223","4,040","1,533","371","37"
"부산광역시 사하구 (2638000000)","282,159","282,159","4,757","6,903","10,784","11,691","12,834","15,356","15,756","13,948","17,626","20,474","22,570","25,574","25,452","28,067","21,145","14,169","8,623","4,576","1,514","288","52","139,724","139,724","2,389","3,596","5,517","6,014","6,878","8,315","8,533","7,524","9,214","10,665","11,302","12,519","12,310","13,173","9,928","6,302","3,592","1,538","352","56","7","142,435","142,435","2,368","3,307","5,267","5,677","5,956","7,041","7,223","6,424","8,412","9,809","11,268","13,055","13,142","14,894","11,217","7,867","5,031","3,038","1,162","232","45"
"부산광역시 금정구 (2641000000)","205,672","205,672","3,025","4,644","7,109","8,325","13,202","12,257","11,013","9,503","11,013","13,906","15,370","17,728","18,385","20,105","15,763","11,161","7,225","4,150","1,459","287","42","99,854","99,854","1,488","2,353","3,579","4,176","6,717","6,987","6,088","4,985","5,624","6,977","7,577","8,377","8,692","9,292","7,071","4,883","3,074","1,466","388","52","8","105,818","105,818","1,537","2,291","3,530","4,149","6,485","5,270","4,925","4,518","5,389","6,929","7,793","9,351","9,693","10,813","8,692","6,278","4,151","2,684","1,071","235","34"
"부산광역시 강서구 (2644000000)","153,555","153,555","7,150","9,500","11,252","7,393","4,321","6,288","10,628","13,594","17,059","15,004","10,372","8,765","8,431","9,403","6,506","3,887","2,165","1,261","465","101","10","79,376","79,376","3,617","4,851","5,816","3,749","2,358","3,433","5,530","6,867","8,906","8,238","5,826","4,641","4,206","4,649","3,271","1,941","950","411","99","15","2","74,179","74,179","3,533","4,649","5,436","3,644","1,963","2,855","5,098","6,727","8,153","6,766","4,546","4,124","4,225","4,754","3,235","1,946","1,215","850","366","86","8"
"부산광역시 연제구 (2647000000)","211,464","211,464","5,320","6,764","8,794","8,435","8,767","12,262","14,935","13,560","14,717","16,086","16,304","17,172","15,832","17,602","13,960","9,887","6,225","3,514","1,092","209","27","100,606","100,606","2,732","3,421","4,414","4,312","4,356","5,895","7,267","6,951","7,364","7,840","7,921","8,114","7,401","7,829","6,199","4,310","2,616","1,314","300","46","4","110,858","110,858","2,588","3,343","4,380","4,123","4,411","6,367","7,668","6,609","7,353","8,246","8,383","9,058","8,431","9,773","7,761","5,577","3,609","2,200","792","163","23"
"부산광역시 수영구 (2650000000)","168,440","168,440","3,180","4,022","5,738","5,668","7,080","11,878","12,771","10,187","10,914","11,860","12,550","13,406","12,631","14,761","12,193","9,073","5,854","3,307","1,101","240","26","78,874","78,874","1,619","2,040","2,998","2,893","3,326","5,551","6,533","5,142","5,427","5,818","6,005","6,306","5,625","6,357","5,270","3,835","2,488","1,284","293","62","2","89,566","89,566","1,561","1,982","2,740","2,775","3,754","6,327","6,238","5,045","5,487","6,042","6,545","7,100","7,006","8,404","6,923","5,238","3,366","2,023","808","178","24"
"부산광역시 사상구 (2653000000)","192,475","192,475","2,989","4,080","6,308","6,880","8,993","11,631","12,469","9,933","10,951","12,652","14,480","18,197","19,576","20,661","14,233","9,442","5,226","2,747","865","139","23","96,004","96,004","1,574","2,132","3,184","3,479","4,602","5,980","6,853","5,430","5,792","6,686","7,430","8,924","9,738","10,063","6,683","4,242","2,125","888","180","17","2","96,471","96,471","1,415","1,948","3,124","3,401","4,391","5,651","5,616","4,503","5,159","5,966","7,050","9,273","9,838","10,598","7,550","5,200","3,101","1,859","685","122","21"
"부산광역시 기장군 (2671000000)","175,262","175,262","4,721","7,287","10,818","9,266","6,589","7,870","9,835","10,378","14,264","16,734","15,067","13,322","11,528","12,478","9,806","7,075","4,524","2,559","923","186","32","86,901","86,901","2,395","3,760","5,542","4,772","3,601","4,195","5,253","5,264","7,094","8,487","7,736","6,819","5,660","5,749","4,432","3,170","1,868","855","221","25","3","88,361","88,361","2,326","3,527","5,276","4,494","2,988","3,675","4,582","5,114","7,170","8,247","7,331","6,503","5,868","6,729","5,374","3,905","2,656","1,704","702","161","29"
"대구광역시  (2700000000)","2,348,165","2,348,165","55,078","75,845","105,722","107,071","111,523","135,735","150,010","135,811","155,277","176,529","196,556","211,852","195,154","186,705","135,773","95,081","62,687","38,708","14,118","2,623","307","1,149,388","1,149,388","28,249","38,982","53,992","54,943","58,329","71,213","79,693","72,499","78,506","87,487","96,034","102,996","94,269","88,179","61,278","41,043","24,614","12,816","3,762","458","46","1,198,777","1,198,777","26,829","36,863","51,730","52,128","53,194","64,522","70,317","63,312","76,771","89,042","100,522","108,856","100,885","98,526","74,495","54,038","38,073","25,892","10,356","2,165","261"
"대구광역시 중구 (2711000000)","101,754","101,754","4,226","3,952","3,911","3,701","5,475","8,143","9,834","8,700","7,905","7,111","7,380","6,906","5,699","5,645","4,532","3,651","2,650","1,582","613","119","19","48,626","48,626","2,186","2,032","1,931","1,828","2,402","3,776","4,821","4,552","4,169","3,560","3,517","3,396","2,709","2,572","1,940","1,468","1,037","529","175","23","3","53,128","53,128","2,040","1,920","1,980","1,873","3,073","4,367","5,013","4,148","3,736","3,551","3,863","3,510","2,990","3,073","2,592","2,183","1,613","1,053","438","96","16"
"대구광역시 동구 (2714000000)","338,476","338,476","8,462","10,203","12,948","13,042","14,026","18,964","23,472","20,883","21,907","24,229","26,696","28,865","27,871","28,628","22,266","16,066","10,727","6,481","2,300","392","48","165,217","165,217","4,382","5,260","6,567","6,809","7,432","9,778","12,369","11,351","11,408","12,230","13,318","14,034","13,250","13,134","9,860","6,895","4,230","2,193","641","68","8","173,259","173,259","4,080","4,943","6,381","6,233","6,594","9,186","11,103","9,532","10,499","11,999","13,378","14,831","14,621","15,494","12,406","9,171","6,497","4,288","1,659","324","40"
"대구광역시 서구 (2717000000)","163,508","163,508","3,248","3,556","4,710","5,021","5,697","8,541","10,736","8,869","9,235","10,228","12,479","15,613","16,836","16,684","12,810","8,865","5,776","3,292","1,090","199","23","80,849","80,849","1,679","1,831","2,369","2,504","3,083","4,479","5,893","5,043","5,074","5,447","6,535","7,810","8,306","7,832","5,572","3,822","2,229","1,057","260","23","1","82,659","82,659","1,569","1,725","2,341","2,517","2,614","4,062","4,843","3,826","4,161","4,781","5,944","7,803","8,530","8,852","7,238","5,043","3,547","2,235","830","176","22"
"대구광역시 남구 (2720000000)","141,344","141,344","2,746","2,833","3,805","4,641","7,004","9,353","10,432","8,003","8,280","9,002","10,988","12,319","11,735","12,376","10,097","7,556","5,228","3,421","1,266","235","24","67,179","67,179","1,406","1,479","1,949","2,293","3,316","4,410","5,433","4,466","4,264","4,494","5,404","6,092","5,553","5,583","4,386","3,114","1,981","1,146","368","39","3","74,165","74,165","1,340","1,354","1,856","2,348","3,688","4,943","4,999","3,537","4,016","4,508","5,584","6,227","6,182","6,793","5,711","4,442","3,247","2,275","898","196","21"
"대구광역시 북구 (2723000000)","406,915","406,915","8,731","12,224","17,912","19,588","23,930","25,776","25,480","22,218","25,380","30,191","36,747","38,873","33,996","31,107","21,185","14,891","10,126","6,023","2,070","413","54","201,176","201,176","4,488","6,273","9,163","9,976","12,636","14,038","13,859","11,991","12,928","14,883","17,785","19,207","16,591","15,060","9,602","6,293","3,865","1,942","530","60","6","205,739","205,739","4,243","5,951","8,749","9,612","11,294","11,738","11,621","10,227","12,452","15,308","18,962","19,666","17,405","16,047","11,583","8,598","6,261","4,081","1,540","353","48"
"대구광역시 수성구 (2726000000)","408,147","408,147","8,686","15,527","23,846","23,170","19,773","21,688","21,464","21,442","28,400","34,159","36,444","37,230","30,975","28,668","21,298","15,346","10,288","6,576","2,619","486","62","195,878","195,878","4,425","8,023","12,351","12,064","10,660","11,378","11,041","10,546","13,217","16,073","16,890","17,653","14,742","13,324","9,595","6,529","4,156","2,325","771","106","9","212,269","212,269","4,261","7,504","11,495","11,106","9,113","10,310","10,423","10,896","15,183","18,086","19,554","19,577","16,233","15,344","11,703","8,817","6,132","4,251","1,848","380","53"
"대구광역시 달서구 (2729000000)","513,399","513,399","10,958","15,568","23,379","25,074","26,018","30,665","32,700","28,316","32,414","38,499","44,185","49,118","45,394","41,748","28,757","18,711","11,619","7,193","2,571","464","48","251,013","251,013","5,642","8,011","11,851","12,801","13,470","16,196","17,570","15,276","16,236","18,750","21,267","23,372","21,678","19,752","13,159","8,253","4,607","2,366","657","87","12","262,386","262,386","5,316","7,557","11,528","12,273","12,548","14,469","15,130","13,040","16,178","19,749","22,918","25,746","23,716","21,996","15,598","10,458","7,012","4,827","1,914","377","36"
"대구광역시 달성군 (2771000000)","252,000","252,000","7,801","11,757","14,873","12,374","9,211","12,085","15,294","16,830","21,068","22,175","20,275","20,779","19,756","18,424","12,161","7,994","4,757","3,006","1,120","234","26","127,656","127,656","3,925","5,940","7,622","6,415","5,108","6,850","8,340","8,952","10,833","11,508","10,539","10,207","9,815","9,048","5,777","3,689","1,909","892","249","34","4","124,344","124,344","3,876","5,817","7,251","5,959","4,103","5,235","6,954","7,878","10,235","10,667","9,736","10,572","9,941","9,376","6,384","4,305","2,848","2,114","871","200","22"
"대구광역시 군위군 (2772000000)","22,622","22,622","220","225","338","460","389","520","598","550","688","935","1,362","2,149","2,892","3,425","2,667","2,001","1,516","1,134","469","81","3","11,794","11,794","116","133","189","253","222","308","367","322","377","542","779","1,225","1,625","1,874","1,387","980","600","366","111","18","0","10,828","10,828","104","92","149","207","167","212","231","228","311","393","583","924","1,267","1,551","1,280","1,021","916","768","358","63","3"
"인천광역시  (2800000000)","3,061,002","3,061,002","84,300","102,243","136,779","139,251","138,247","192,745","227,079","206,476","229,447","243,534","252,263","262,048","247,797","231,634","147,498","96,747","64,582","38,617","15,538","3,631","546","1,528,323","1,528,323","43,181","52,602","69,948","71,321","71,021","99,439","119,231","107,361","118,607","125,393","127,942","129,324","122,607","113,393","69,953","43,852","26,048","12,569","3,780","668","83","1,532,679","1,532,679","41,119","49,641","66,831","67,930","67,226","93,306","107,848","99,115","110,840","118,141","124,321","132,724","125,190","118,241","77,545","52,895","38,534","26,048","11,758","2,963","463"
"인천광역시 중구 (2811000000)","179,030","179,030","6,068","6,720","8,387","7,814","7,913","14,092","15,597","13,818","14,625","15,118","14,411","13,141","11,226","10,693","7,615","5,277","3,570","1,966","756","189","34","92,632","92,632","3,119","3,516","4,248","3,959","3,816","7,283","8,423","7,546","7,833","8,087","7,979","7,147","5,869","5,348","3,664","2,408","1,496","668","180","35","8","86,398","86,398","2,949","3,204","4,139","3,855","4,097","6,809","7,174","6,272","6,792","7,031","6,432","5,994","5,357","5,345","3,951","2,869","2,074","1,298","576","154","26"
"인천광역시 중구영종출장소 (2811400000)","0","0","0","0","0","0","0","0","0","0","0","0","0","0","0","0","0","0","0","0","0","0","0","0","0","0","0","0","0","0","0","0","0","0","0","0","0","0","0","0","0","0","0","0","0","0","0","0","0","0","0","0","0","0","0","0","0","0","0","0","0","0","0","0","0","0","0","0","0"
"인천광역시 중구용유출장소 (2811800000)","0","0","0","0","0","0","0","0","0","0","0","0","0","0","0","0","0","0","0","0","0","0","0","0","0","0","0","0","0","0","0","0","0","0","0","0","0","0","0","0","0","0","0","0","0","0","0","0","0","0","0","0","0","0","0","0","0","0","0","0","0","0","0","0","0","0","0","0","0"
"인천광역시 동구 (2814000000)","57,926","57,926","1,123","1,263","1,934","2,309","2,251","3,022","3,459","3,123","3,576","4,489","4,918","4,893","4,685","5,328","4,213","3,207","2,289","1,261","471","100","12","28,964","28,964","550","664","1,043","1,200","1,169","1,589","1,879","1,682","1,919","2,431","2,603","2,557","2,366","2,563","1,904","1,366","948","427","91","9","4","28,962","28,962","573","599","891","1,109","1,082","1,433","1,580","1,441","1,657","2,058","2,315","2,336","2,319","2,765","2,309","1,841","1,341","834","380","91","8"
"인천광역시 미추홀구 (2817700000)","418,211","418,211","10,895","11,962","15,497","16,967","20,861","27,489","31,044","27,672","30,251","32,025","34,008","34,619","32,629","32,552","22,804","16,323","11,253","6,334","2,399","549","78","210,370","210,370","5,616","6,136","7,899","8,790","10,891","14,614","16,617","14,805","16,256","17,054","17,658","17,508","16,017","15,428","10,401","7,199","4,540","2,166","648","117","10","207,841","207,841","5,279","5,826","7,598","8,177","9,970","12,875","14,427","12,867","13,995","14,971","16,350","17,111","16,612","17,124","12,403","9,124","6,713","4,168","1,751","432","68"
"인천광역시 연수구 (2818500000)","410,290","410,290","13,791","18,479","24,651","22,888","19,924","24,288","28,264","28,924","35,023","35,987","35,014","33,177","29,873","25,501","14,600","8,632","5,706","3,583","1,540","378","67","203,014","203,014","7,076","9,400","12,521","11,758","10,292","12,524","14,400","14,092","17,123","17,816","17,221","16,229","14,634","12,831","7,267","3,873","2,400","1,120","353","79","5","207,276","207,276","6,715","9,079","12,130","11,130","9,632","11,764","13,864","14,832","17,900","18,171","17,793","16,948","15,239","12,670","7,333","4,759","3,306","2,463","1,187","299","62"
"인천광역시 남동구 (2820000000)","479,149","479,149","9,280","13,354","21,158","22,775","22,205","30,811","33,425","27,355","32,866","39,000","41,058","42,965","40,607","39,400","25,703","16,723","10,939","6,426","2,425","587","87","237,498","237,498","4,718","6,878","10,987","11,670","11,329","15,874","18,071","14,414","16,805","19,802","20,879","20,906","19,863","18,806","11,881","7,551","4,312","2,059","579","101","13","241,651","241,651","4,562","6,476","10,171","11,105","10,876","14,937","15,354","12,941","16,061","19,198","20,179","22,059","20,744","20,594","13,822","9,172","6,627","4,367","1,846","486","74"
"인천광역시 부평구 (2823700000)","488,191","488,191","12,151","13,435","18,046","19,895","20,901","31,836","39,701","34,049","34,099","35,897","39,012","43,350","42,494","39,990","25,393","16,665","11,092","6,814","2,677","615","79","239,577","239,577","6,305","6,933","9,188","10,312","10,642","15,861","20,659","17,824","17,634","18,205","19,125","20,583","20,621","19,161","11,656","7,450","4,443","2,185","675","105","10","248,614","248,614","5,846","6,502","8,858","9,583","10,259","15,975","19,042","16,225","16,465","17,692","19,887","22,767","21,873","20,829","13,737","9,215","6,649","4,629","2,002","510","69"
"인천광역시 계양구 (2824500000)","276,309","276,309","5,129","6,383","9,457","11,531","12,379","17,959","20,515","16,576","17,364","19,476","23,498","28,229","28,966","25,309","14,013","8,358","5,673","3,574","1,503","356","61","137,337","137,337","2,579","3,284","4,789","5,801","6,381","9,465","10,920","8,843","9,130","9,901","11,651","13,382","14,242","12,658","6,874","3,840","2,106","1,074","342","68","7","138,972","138,972","2,550","3,099","4,668","5,730","5,998","8,494","9,595","7,733","8,234","9,575","11,847","14,847","14,724","12,651","7,139","4,518","3,567","2,500","1,161","288","54"
"인천광역시 서구 (2826000000)","662,875","662,875","24,462","29,042","35,328","32,358","28,946","39,973","51,830","51,832","57,806","56,724","54,463","53,949","47,539","41,196","24,441","15,134","9,347","5,533","2,322","561","89","332,995","332,995","12,502","14,974","18,071","16,421","14,796","20,180","26,350","26,389","29,850","29,420","27,513","26,912","23,910","20,684","11,877","7,008","3,769","1,735","519","96","19","329,880","329,880","11,960","14,068","17,257","15,937","14,150","19,793","25,480","25,443","27,956","27,304","26,950","27,037","23,629","20,512","12,564","8,126","5,578","3,798","1,803","465","70"
"인천광역시 서구검단출장소 (2826500000)","0","0","0","0","0","0","0","0","0","0","0","0","0","0","0","0","0","0","0","0","0","0","0","0","0","0","0","0","0","0","0","0","0","0","0","0","0","0","0","0","0","0","0","0","0","0","0","0","0","0","0","0","0","0","0","0","0","0","0","0","0","0","0","0","0","0","0","0","0"
"인천광역시 강화군 (2871000000)","69,681","69,681","1,166","1,344","1,954","2,225","1,932","2,158","2,382","2,423","3,044","3,774","4,575","5,998","7,543","9,179","6,846","5,205","3,879","2,609","1,201","220","24","34,911","34,911","606","687","998","1,152","1,053","1,248","1,293","1,309","1,558","2,014","2,511","3,091","3,832","4,560","3,447","2,546","1,662","954","339","45","6","34,770","34,770","560","657","956","1,073","879","910","1,089","1,114","1,486","1,760","2,064","2,907","3,711","4,619","3,399","2,659","2,217","1,655","862","175","18"
"인천광역시 옹진군 (2872000000)","19,340","19,340","235","261","367","489","935","1,117","862","704","793","1,044","1,306","1,727","2,235","2,486","1,870","1,223","834","517","244","76","15","11,025","11,025","110","130","204","258","652","801","619","457","499","663","802","1,009","1,253","1,354","982","611","372","181","54","13","1","8,315","8,315","125","131","163","231","283","316","243","247","294","381","504","718","982","1,132","888","612","462","336","190","63","14"
"광주광역시  (2900000000)","1,385,460","1,385,460","34,414","49,013","69,417","73,468","74,855","91,087","94,592","79,311","98,083","111,594","119,619","119,901","101,991","94,483","63,098","49,413","33,078","19,119","7,122","1,610","192","683,328","683,328","17,507","25,039","35,636","37,890","39,037","47,643","49,697","40,939","49,470","55,201","59,454","59,297","49,905","44,271","28,727","21,333","13,531","6,570","1,869","286","26","702,132","702,132","16,907","23,974","33,781","35,578","35,818","43,444","44,895","38,372","48,613","56,393","60,165","60,604","52,086","50,212","34,371","28,080","19,547","12,549","5,253","1,324","166"
"광주광역시 동구 (2911000000)","105,200","105,200","3,081","3,454","3,902","3,859","6,009","7,391","7,730","6,550","7,071","6,989","7,458","7,854","7,518","7,956","6,102","5,219","3,799","2,294","772","179","13","51,441","51,441","1,585","1,771","2,009","1,940","2,992","3,725","3,948","3,409","3,637","3,650","3,781","3,936","3,594","3,694","2,735","2,210","1,616","912","249","45","3","53,759","53,759","1,496","1,683","1,893","1,919","3,017","3,666","3,782","3,141","3,434","3,339","3,677","3,918","3,924","4,262","3,367","3,009","2,183","1,382","523","134","10"
"광주광역시 서구 (2914000000)","274,624","274,624","5,728","8,570","12,550","13,795","14,999","19,806","19,180","14,941","18,434","21,581","24,125","25,035","20,793","19,426","13,138","10,114","6,777","3,783","1,479","326","44","134,238","134,238","2,909","4,461","6,582","7,213","7,752","10,162","10,111","7,767","9,149","10,501","11,587","12,222","10,004","8,923","5,940","4,347","2,798","1,316","423","67","4","140,386","140,386","2,819","4,109","5,968","6,582","7,247","9,644","9,069","7,174","9,285","11,080","12,538","12,813","10,789","10,503","7,198","5,767","3,979","2,467","1,056","259","40"
"광주광역시 남구 (2915500000)","205,647","205,647","4,573","7,668","11,705","11,252","9,680","11,109","12,008","10,732","14,890","16,937","16,563","16,072","14,707","15,630","11,314","9,435","6,124","3,590","1,314","300","44","98,098","98,098","2,351","3,859","5,805","5,592","4,988","5,640","6,089","5,362","7,203","8,297","8,244","7,637","6,734","6,985","4,975","4,043","2,555","1,324","352","55","8","107,549","107,549","2,222","3,809","5,900","5,660","4,692","5,469","5,919","5,370","7,687","8,640","8,319","8,435","7,973","8,645","6,339","5,392","3,569","2,266","962","245","36"
"광주광역시 북구 (2917000000)","416,783","416,783","10,675","14,439","19,219","20,087","21,756","26,443","28,801","24,788","29,125","31,650","34,341","36,240","32,661","31,011","20,630","15,822","10,442","5,887","2,216","496","54","205,951","205,951","5,491","7,363","9,865","10,575","11,428","13,976","15,067","12,812","15,045","15,829","17,190","17,789","15,789","14,442","9,434","6,939","4,265","2,000","572","74","6","210,832","210,832","5,184","7,076","9,354","9,512","10,328","12,467","13,734","11,976","14,080","15,821","17,151","18,451","16,872","16,569","11,196","8,883","6,177","3,887","1,644","422","48"
"광주광역시 광산구 (2920000000)","383,206","383,206","10,357","14,882","22,041","24,475","22,411","26,338","26,873","22,300","28,563","34,437","37,132","34,700","26,312","20,460","11,914","8,823","5,936","3,565","1,341","309","37","193,600","193,600","5,171","7,585","11,375","12,570","11,877","14,140","14,482","11,589","14,436","16,924","18,652","17,713","13,784","10,227","5,643","3,794","2,297","1,018","273","45","5","189,606","189,606","5,186","7,297","10,666","11,905","10,534","12,198","12,391","10,711","14,127","17,513","18,480","16,987","12,528","10,233","6,271","5,029","3,639","2,547","1,068","264","32"
"대전광역시  (3000000000)","1,442,034","1,442,034","38,283","46,777","65,286","70,541","81,978","103,505","107,089","89,678","97,811","109,025","118,907","122,808","105,049","104,136","71,743","48,101","32,571","19,301","7,612","1,622","211","718,127","718,127","19,752","23,987","33,630","35,922","42,046","54,590","57,212","47,591","49,723","54,225","59,214","61,214","51,774","49,833","33,466","21,603","13,304","6,691","2,002","314","34","723,907","723,907","18,531","22,790","31,656","34,619","39,932","48,915","49,877","42,087","48,088","54,800","59,693","61,594","53,275","54,303","38,277","26,498","19,267","12,610","5,610","1,308","177"
"대전광역시 동구 (3011000000)","218,251","218,251","5,119","5,615","8,076","10,610","14,425","13,236","13,696","11,632","13,347","15,335","17,617","18,501","16,835","18,310","13,589","9,646","6,893","4,009","1,432","294","34","109,888","109,888","2,624","2,958","4,193","5,259","7,519","7,214","7,402","6,397","7,097","7,915","9,245","9,672","8,492","8,761","6,294","4,222","2,834","1,359","364","60","7","108,363","108,363","2,495","2,657","3,883","5,351","6,906","6,022","6,294","5,235","6,250","7,420","8,372","8,829","8,343","9,549","7,295","5,424","4,059","2,650","1,068","234","27"
"대전광역시 중구 (3014000000)","224,273","224,273","4,864","6,528","9,098","10,177","10,648","13,983","14,296","12,046","13,709","16,728","18,798","19,562","17,296","18,086","14,015","10,552","7,398","4,395","1,710","335","49","109,505","109,505","2,456","3,297","4,662","5,197","5,326","6,904","7,373","6,290","6,944","8,382","9,532","9,868","8,629","8,565","6,337","4,560","3,017","1,592","508","57","9","114,768","114,768","2,408","3,231","4,436","4,980","5,322","7,079","6,923","5,756","6,765","8,346","9,266","9,694","8,667","9,521","7,678","5,992","4,381","2,803","1,202","278","40"
"대전광역시 서구 (3017000000)","464,359","464,359","11,875","15,204","22,683","23,478","26,344","36,365","36,995","29,516","32,600","36,164","38,330","38,571","32,191","31,700","21,362","13,966","9,036","5,337","2,114","473","55","227,413","227,413","6,141","7,800","11,706","11,967","12,910","18,383","19,424","15,314","16,150","17,593","18,592","18,639","15,460","14,829","9,930","6,317","3,728","1,888","537","98","7","236,946","236,946","5,734","7,404","10,977","11,511","13,434","17,982","17,571","14,202","16,450","18,571","19,738","19,932","16,731","16,871","11,432","7,649","5,308","3,449","1,577","375","48"
"대전광역시 유성구 (3020000000)","371,104","371,104","13,005","15,512","19,501","19,108","22,502","29,759","31,445","27,800","28,651","29,491","29,929","29,145","23,690","21,234","13,099","7,589","4,891","3,035","1,369","307","42","188,103","188,103","6,765","7,980","10,027","9,764","11,885","16,459","17,045","14,674","14,434","14,481","14,705","14,394","11,661","10,401","6,394","3,636","2,003","1,006","323","59","7","183,001","183,001","6,240","7,532","9,474","9,344","10,617","13,300","14,400","13,126","14,217","15,010","15,224","14,751","12,029","10,833","6,705","3,953","2,888","2,029","1,046","248","35"
"대전광역시 대덕구 (3023000000)","164,047","164,047","3,420","3,918","5,928","7,168","8,059","10,162","10,657","8,684","9,504","11,307","14,233","17,029","15,037","14,806","9,678","6,348","4,353","2,525","987","213","31","83,218","83,218","1,766","1,952","3,042","3,735","4,406","5,630","5,968","4,916","5,098","5,854","7,140","8,641","7,532","7,277","4,511","2,868","1,722","846","270","40","4","80,829","80,829","1,654","1,966","2,886","3,433","3,653","4,532","4,689","3,768","4,406","5,453","7,093","8,388","7,505","7,529","5,167","3,480","2,631","1,679","717","173","27"
"울산광역시  (3100000000)","1,087,089","1,087,089","27,190","37,979","54,901","53,911","44,183","62,547","71,166","65,766","78,539","88,588","92,435","103,014","95,309","86,475","55,945","34,063","19,599","10,746","3,884","748","101","560,549","560,549","13,915","19,425","28,274","28,341","25,166","36,465","40,299","35,851","40,813","46,230","46,456","51,292","49,058","42,959","27,127","16,243","8,126","3,501","879","119","10","526,540","526,540","13,275","18,554","26,627","25,570","19,017","26,082","30,867","29,915","37,726","42,358","45,979","51,722","46,251","43,516","28,818","17,820","11,473","7,245","3,005","629","91"
"울산광역시 중구 (3111000000)","203,026","203,026","4,617","6,631","9,370","9,394","7,325","10,939","12,769","11,732","13,789","15,616","16,685","19,219","18,798","17,851","12,390","7,863","4,643","2,432","802","148","13","102,582","102,582","2,399","3,402","4,841","4,979","4,212","6,144","7,067","6,264","7,148","8,102","8,310","9,361","9,468","8,564","5,748","3,596","1,917","835","207","17","1","100,444","100,444","2,218","3,229","4,529","4,415","3,113","4,795","5,702","5,468","6,641","7,514","8,375","9,858","9,330","9,287","6,642","4,267","2,726","1,597","595","131","12"
"울산광역시 남구 (3114000000)","304,337","304,337","7,521","10,079","14,045","13,847","13,377","19,965","22,968","19,755","21,269","23,193","25,429","29,600","26,391","23,489","15,294","9,256","5,087","2,676","920","147","29","155,882","155,882","3,907","5,153","7,256","7,309","7,542","11,497","13,001","10,802","10,984","11,841","12,228","14,577","13,336","11,421","7,363","4,333","2,136","925","240","28","3","148,455","148,455","3,614","4,926","6,789","6,538","5,835","8,468","9,967","8,953","10,285","11,352","13,201","15,023","13,055","12,068","7,931","4,923","2,951","1,751","680","119","26"
"울산광역시 동구 (3117000000)","147,756","147,756","3,219","5,289","8,236","7,918","5,788","8,078","8,231","8,531","12,378","13,402","12,036","11,939","11,913","13,140","8,546","4,973","2,490","1,175","394","64","16","77,387","77,387","1,620","2,708","4,181","4,218","3,255","4,685","4,856","4,817","6,637","7,323","6,565","6,061","5,855","6,270","4,223","2,525","1,110","388","82","8","0","70,369","70,369","1,599","2,581","4,055","3,700","2,533","3,393","3,375","3,714","5,741","6,079","5,471","5,878","6,058","6,870","4,323","2,448","1,380","787","312","56","16"
"울산광역시 북구 (3120000000)","213,685","213,685","6,717","9,601","13,378","12,132","8,232","12,195","14,777","14,478","17,590","19,676","18,045","19,668","17,641","13,178","7,346","4,333","2,558","1,439","554","133","14","111,316","111,316","3,456","4,887","6,925","6,316","4,777","7,484","8,388","7,840","8,868","10,204","9,071","9,546","9,392","6,886","3,631","2,044","1,050","430","99","19","3","102,369","102,369","3,261","4,714","6,453","5,816","3,455","4,711","6,389","6,638","8,722","9,472","8,974","10,122","8,249","6,292","3,715","2,289","1,508","1,009","455","114","11"
"울산광역시 울주군 (3171000000)","218,285","218,285","5,116","6,379","9,872","10,620","9,461","11,370","12,421","11,270","13,513","16,701","20,240","22,588","20,566","18,817","12,369","7,638","4,821","3,024","1,214","256","29","113,382","113,382","2,533","3,275","5,071","5,519","5,380","6,655","6,987","6,128","7,176","8,760","10,282","11,747","11,007","9,818","6,162","3,745","1,913","923","251","47","3","104,903","104,903","2,583","3,104","4,801","5,101","4,081","4,715","5,434","5,142","6,337","7,941","9,958","10,841","9,559","8,999","6,207","3,893","2,908","2,101","963","209","26"
"세종특별자치시  (3600000000)","390,923","390,923","15,409","21,907","28,586","25,638","17,409","18,763","26,669","30,209","36,986","38,678","33,490","26,659","20,649","19,154","12,625","7,833","5,096","3,262","1,504","362","35","194,731","194,731","7,779","11,188","14,636","12,864","9,238","9,454","13,243","14,941","17,932","19,043","17,368","13,800","10,427","9,347","6,157","3,682","2,113","1,093","357","62","7","196,192","196,192","7,630","10,719","13,950","12,774","8,171","9,309","13,426","15,268","19,054","19,635","16,122","12,859","10,222","9,807","6,468","4,151","2,983","2,169","1,147","300","28"
"세종특별자치시  (3611000000)","390,923","390,923","15,409","21,907","28,586","25,638","17,409","18,763","26,669","30,209","36,986","38,678","33,490","26,659","20,649","19,154","12,625","7,833","5,096","3,262","1,504","362","35","194,731","194,731","7,779","11,188","14,636","12,864","9,238","9,454","13,243","14,941","17,932","19,043","17,368","13,800","10,427","9,347","6,157","3,682","2,113","1,093","357","62","7","196,192","196,192","7,630","10,719","13,950","12,774","8,171","9,309","13,426","15,268","19,054","19,635","16,122","12,859","10,222","9,807","6,468","4,151","2,983","2,169","1,147","300","28"
"경기도  (4100000000)","13,761,783","13,761,783","388,724","484,197","656,894","669,269","645,494","880,591","1,010,347","927,166","1,045,059","1,122,543","1,173,608","1,185,329","1,041,111","955,570","620,103","408,537","286,182","175,743","68,139","15,062","2,115","6,908,300","6,908,300","199,202","247,793","335,201","342,315","334,698","462,082","536,143","480,602","536,264","571,074","593,186","592,186","524,598","472,107","295,959","184,410","117,334","61,244","18,474","3,012","416","6,853,483","6,853,483","189,522","236,404","321,693","326,954","310,796","418,509","474,204","446,564","508,795","551,469","580,422","593,143","516,513","483,463","324,144","224,127","168,848","114,499","49,665","12,050","1,699"
"북부출장소  (4110500000)","0","0","0","0","0","0","0","0","0","0","0","0","0","0","0","0","0","0","0","0","0","0","0","0","0","0","0","0","0","0","0","0","0","0","0","0","0","0","0","0","0","0","0","0","0","0","0","0","0","0","0","0","0","0","0","0","0","0","0","0","0","0","0","0","0","0","0","0","0"
"경기도 수원시 (4111000000)","1,185,770","1,185,770","32,543","38,330","53,410","56,690","64,687","94,344","103,824","85,213","87,788","94,676","98,987","100,626","85,870","74,131","45,919","29,905","20,543","12,347","4,784","998","155","595,044","595,044","16,664","19,736","27,482","29,223","33,369","49,116","55,488","44,740","45,049","47,715","49,264","49,329","42,848","36,544","21,361","13,205","8,186","4,223","1,288","187","27","590,726","590,726","15,879","18,594","25,928","27,467","31,318","45,228","48,336","40,473","42,739","46,961","49,723","51,297","43,022","37,587","24,558","16,700","12,357","8,124","3,496","811","128"
"경기도 수원시 장안구 (4111100000)","269,984","269,984","5,941","7,412","11,298","13,498","16,536","20,607","19,639","15,926","17,049","20,560","23,645","25,292","21,701","19,111","12,011","8,223","5,994","3,690","1,497","319","35","135,404","135,404","3,080","3,716","5,827","7,003","8,901","11,439","10,581","8,385","8,687","10,154","11,671","12,371","10,943","9,405","5,529","3,576","2,346","1,325","401","57","7","134,580","134,580","2,861","3,696","5,471","6,495","7,635","9,168","9,058","7,541","8,362","10,406","11,974","12,921","10,758","9,706","6,482","4,647","3,648","2,365","1,096","262","28"
"경기도 수원시 권선구 (4111300000)","360,286","360,286","9,556","10,892","15,761","15,882","16,913","26,970","32,073","25,717","27,126","28,518","29,455","31,478","28,451","25,013","15,347","9,547","6,223","3,661","1,381","281","41","181,566","181,566","4,911","5,639","8,111","8,130","8,624","13,790","17,378","13,754","14,216","14,805","14,799","15,225","14,122","12,331","7,253","4,347","2,503","1,193","375","55","5","178,720","178,720","4,645","5,253","7,650","7,752","8,289","13,180","14,695","11,963","12,910","13,713","14,656","16,253","14,329","12,682","8,094","5,200","3,720","2,468","1,006","226","36"
"경기도 수원시 팔달구 (4111500000)","193,401","193,401","4,826","5,360","6,001","7,122","10,592","17,178","18,559","14,217","13,053","13,402","15,487","16,352","14,490","13,476","9,099","6,208","4,295","2,551","923","168","42","97,017","97,017","2,456","2,777","3,031","3,694","5,269","8,599","10,001","7,721","6,995","6,941","7,798","8,195","7,274","6,541","4,127","2,667","1,762","871","257","35","6","96,384","96,384","2,370","2,583","2,970","3,428","5,323","8,579","8,558","6,496","6,058","6,461","7,689","8,157","7,216","6,935","4,972","3,541","2,533","1,680","666","133","36"
"경기도 수원시 영통구 (4111700000)","362,099","362,099","12,220","14,666","20,350","20,188","20,646","29,589","33,553","29,353","30,560","32,196","30,400","27,504","21,228","16,531","9,462","5,927","4,031","2,445","983","230","37","181,057","181,057","6,217","7,604","10,513","10,396","10,575","15,288","17,528","14,880","15,151","15,815","14,996","13,538","10,509","8,267","4,452","2,615","1,575","834","255","40","9","181,042","181,042","6,003","7,062","9,837","9,792","10,071","14,301","16,025","14,473","15,409","16,381","15,404","13,966","10,719","8,264","5,010","3,312","2,456","1,611","728","190","28"
"경기도 성남시 (4113000000)","902,344","902,344","24,454","29,300","39,692","41,000","41,560","60,536","70,250","64,147","68,249","71,435","74,253","75,356","66,235","64,394","43,647","29,782","20,137","11,950","4,682","1,130","155","445,426","445,426","12,534","14,878","20,282","20,858","21,066","30,833","36,806","32,562","34,156","35,260","36,679","37,523","32,549","31,147","20,587","13,268","8,428","4,409","1,319","249","33","456,918","456,918","11,920","14,422","19,410","20,142","20,494","29,703","33,444","31,585","34,093","36,175","37,574","37,833","33,686","33,247","23,060","16,514","11,709","7,541","3,363","881","122"
"경기도 성남시 수정구 (4113100000)","234,639","234,639","6,435","6,736","7,664","8,428","10,951","16,291","19,170","17,290","17,097","16,853","18,187","19,899","18,773","18,851","13,131","8,936","5,651","2,976","1,044","247","29","118,540","118,540","3,307","3,431","3,878","4,235","5,663","8,604","10,339","9,195","9,085","8,859","9,420","10,147","9,485","9,090","6,150","3,982","2,316","1,033","269","46","6","116,099","116,099","3,128","3,305","3,786","4,193","5,288","7,687","8,831","8,095","8,012","7,994","8,767","9,752","9,288","9,761","6,981","4,954","3,335","1,943","775","201","23"
"경기도 성남시 중원구 (4113300000)","200,064","200,064","4,791","4,951","6,426","7,298","8,718","14,006","16,773","14,023","14,080","14,153","15,637","17,249","16,810","17,132","11,424","7,762","4,931","2,731","914","210","45","100,615","100,615","2,372","2,547","3,311","3,766","4,427","7,235","9,052","7,649","7,468","7,401","8,023","8,664","8,241","8,359","5,364","3,480","2,039","938","239","32","8","99,449","99,449","2,419","2,404","3,115","3,532","4,291","6,771","7,721","6,374","6,612","6,752","7,614","8,585","8,569","8,773","6,060","4,282","2,892","1,793","675","178","37"
"경기도 성남시 분당구 (4113500000)","467,641","467,641","13,228","17,613","25,602","25,274","21,891","30,239","34,307","32,834","37,072","40,429","40,429","38,208","30,652","28,411","19,092","13,084","9,555","6,243","2,724","673","81","226,271","226,271","6,855","8,900","13,093","12,857","10,976","14,994","17,415","15,718","17,603","19,000","19,236","18,712","14,823","13,698","9,073","5,806","4,073","2,438","811","171","19","241,370","241,370","6,373","8,713","12,509","12,417","10,915","15,245","16,892","17,116","19,469","21,429","21,193","19,496","15,829","14,713","10,019","7,278","5,482","3,805","1,913","502","62"
"경기도 의정부시 (4115000000)","461,917","461,917","11,668","14,641","19,093","20,348","22,384","29,897","32,321","28,600","32,483","34,955","39,493","42,071","37,565","34,968","23,272","16,216","11,761","7,123","2,461","533","64","226,550","226,550","5,933","7,595","9,803","10,536","11,138","14,860","16,722","14,735","16,768","17,796","19,387","20,481","18,314","16,784","10,675","7,021","4,713","2,485","680","112","12","235,367","235,367","5,735","7,046","9,290","9,812","11,246","15,037","15,599","13,865","15,715","17,159","20,106","21,590","19,251","18,184","12,597","9,195","7,048","4,638","1,781","421","52"
"경기도 안양시 (4117000000)","562,305","562,305","17,349","17,825","23,867","24,830","25,758","36,340","45,400","42,026","41,364","41,359","45,125","47,957","44,322","42,856","27,363","17,123","11,125","6,859","2,750","630","77","277,046","277,046","8,937","9,047","12,190","12,684","13,243","18,606","23,372","21,742","21,265","20,523","21,953","22,975","21,341","20,427","13,239","7,862","4,560","2,281","664","120","15","285,259","285,259","8,412","8,778","11,677","12,146","12,515","17,734","22,028","20,284","20,099","20,836","23,172","24,982","22,981","22,429","14,124","9,261","6,565","4,578","2,086","510","62"
"경기도 안양시 만안구 (4117100000)","233,711","233,711","6,576","5,910","7,355","8,731","10,677","15,505","18,940","16,445","15,485","15,645","17,911","20,900","20,454","20,320","13,377","8,734","5,734","3,415","1,288","266","43","116,312","116,312","3,364","2,973","3,806","4,447","5,459","8,025","9,969","8,770","8,273","8,086","8,940","10,050","10,020","9,733","6,424","4,047","2,388","1,139","339","53","7","117,399","117,399","3,212","2,937","3,549","4,284","5,218","7,480","8,971","7,675","7,212","7,559","8,971","10,850","10,434","10,587","6,953","4,687","3,346","2,276","949","213","36"
"경기도 안양시 동안구 (4117300000)","328,594","328,594","10,773","11,915","16,512","16,099","15,081","20,835","26,460","25,581","25,879","25,714","27,214","27,057","23,868","22,536","13,986","8,389","5,391","3,444","1,462","364","34","160,734","160,734","5,573","6,074","8,384","8,237","7,784","10,581","13,403","12,972","12,992","12,437","13,013","12,925","11,321","10,694","6,815","3,815","2,172","1,142","325","67","8","167,860","167,860","5,200","5,841","8,128","7,862","7,297","10,254","13,057","12,609","12,887","13,277","14,201","14,132","12,547","11,842","7,171","4,574","3,219","2,302","1,137","297","26"
"경기도 부천시 (4119000000)","755,453","755,453","16,575","21,062","29,219","32,067","33,877","48,782","55,505","48,822","53,151","56,612","62,175","69,077","67,166","65,720","40,796","25,066","15,778","9,350","3,656","883","114","371,693","371,693","8,419","10,813","15,017","16,388","17,138","24,521","28,981","25,226","27,256","28,534","30,919","33,008","32,286","31,714","19,400","11,524","6,429","3,050","885","170","15","383,760","383,760","8,156","10,249","14,202","15,679","16,739","24,261","26,524","23,596","25,895","28,078","31,256","36,069","34,880","34,006","21,396","13,542","9,349","6,300","2,771","713","99"
"경기도 부천시 원미구 (4119200000)","382,339","382,339","8,549","10,695","14,973","16,561","17,886","26,072","29,287","25,773","27,438","28,735","31,452","34,388","33,286","32,184","19,491","11,741","7,236","4,312","1,788","435","57","187,207","187,207","4,302","5,464","7,716","8,393","8,906","12,864","15,121","13,110","13,948","14,233","15,457","16,400","15,875","15,700","9,364","5,470","2,972","1,389","445","71","7","195,132","195,132","4,247","5,231","7,257","8,168","8,980","13,208","14,166","12,663","13,490","14,502","15,995","17,988","17,411","16,484","10,127","6,271","4,264","2,923","1,343","364","50"
"경기도 부천시 소사구 (4119400000)","224,202","224,202","5,671","7,277","9,513","9,838","9,402","12,480","15,236","14,677","16,895","17,941","18,021","18,807","18,681","19,327","12,914","8,207","4,971","2,921","1,128","257","38","109,566","109,566","2,893","3,770","4,853","5,000","4,732","6,322","7,867","7,513","8,590","9,089","9,025","8,843","8,776","9,006","5,993","3,801","2,124","1,026","277","62","4","114,636","114,636","2,778","3,507","4,660","4,838","4,670","6,158","7,369","7,164","8,305","8,852","8,996","9,964","9,905","10,321","6,921","4,406","2,847","1,895","851","195","34"
"경기도 부천시 오정구 (4119600000)","148,912","148,912","2,355","3,090","4,733","5,668","6,589","10,230","10,982","8,372","8,818","9,936","12,702","15,882","15,199","14,209","8,391","5,118","3,571","2,117","740","191","19","74,920","74,920","1,224","1,579","2,448","2,995","3,500","5,335","5,993","4,603","4,718","5,212","6,437","7,765","7,635","7,008","4,043","2,253","1,333","635","163","37","4","73,992","73,992","1,131","1,511","2,285","2,673","3,089","4,895","4,989","3,769","4,100","4,724","6,265","8,117","7,564","7,201","4,348","2,865","2,238","1,482","577","154","15"
"경기도 광명시 (4121000000)","303,666","303,666","9,214","9,883","13,468","14,548","14,671","18,424","23,572","21,862","22,984","24,042","26,155","25,441","22,281","21,803","14,917","9,282","5,990","3,372","1,407","299","51","148,648","148,648","4,809","4,986","6,881","7,372","7,640","9,148","11,931","11,311","11,604","11,734","12,811","12,374","10,934","10,103","6,927","4,189","2,347","1,144","338","53","12","155,018","155,018","4,405","4,897","6,587","7,176","7,031","9,276","11,641","10,551","11,380","12,308","13,344","13,067","11,347","11,700","7,990","5,093","3,643","2,228","1,069","246","39"
"경기도 평택시 (4122000000)","619,670","619,670","21,608","24,682","30,481","28,856","27,682","44,472","53,943","47,790","50,320","51,619","52,078","50,907","41,700","35,745","22,276","14,876","10,705","6,794","2,535","534","67","325,937","325,937","11,083","12,467","15,425","14,766","15,027","25,465","30,904","26,661","27,538","28,080","27,810","26,511","21,910","18,013","10,510","6,568","4,151","2,277","642","116","13","293,733","293,733","10,525","12,215","15,056","14,090","12,655","19,007","23,039","21,129","22,782","23,539","24,268","24,396","19,790","17,732","11,766","8,308","6,554","4,517","1,893","418","54"
"경기도 송탄출장소 (4122200000)","0","0","0","0","0","0","0","0","0","0","0","0","0","0","0","0","0","0","0","0","0","0","0","0","0","0","0","0","0","0","0","0","0","0","0","0","0","0","0","0","0","0","0","0","0","0","0","0","0","0","0","0","0","0","0","0","0","0","0","0","0","0","0","0","0","0","0","0","0"
"경기도 안중출장소 (4122400000)","0","0","0","0","0","0","0","0","0","0","0","0","0","0","0","0","0","0","0","0","0","0","0","0","0","0","0","0","0","0","0","0","0","0","0","0","0","0","0","0","0","0","0","0","0","0","0","0","0","0","0","0","0","0","0","0","0","0","0","0","0","0","0","0","0","0","0","0","0"
"경기도 동두천시 (4125000000)","86,265","86,265","1,402","2,050","3,324","4,013","3,783","4,488","4,468","3,815","5,040","5,945","7,420","8,292","7,822","7,967","5,572","4,325","3,384","2,211","742","184","18","42,973","42,973","730","1,043","1,744","1,979","1,977","2,433","2,496","2,017","2,559","3,043","3,837","4,368","4,086","3,964","2,567","1,846","1,284","736","218","41","5","43,292","43,292","672","1,007","1,580","2,034","1,806","2,055","1,972","1,798","2,481","2,902","3,583","3,924","3,736","4,003","3,005","2,479","2,100","1,475","524","143","13"
"경기도 안산시 (4127000000)","609,240","609,240","12,613","15,923","23,411","28,310","33,234","46,276","46,849","36,207","38,383","45,108","55,685","63,281","56,305","46,029","24,981","15,386","10,775","6,854","2,873","629","128","312,005","312,005","6,359","8,179","11,877","14,604","17,247","25,011","26,116","19,992","20,404","23,390","28,023","31,424","29,151","23,932","12,234","6,980","4,182","2,086","671","112","31","297,235","297,235","6,254","7,744","11,534","13,706","15,987","21,265","20,733","16,215","17,979","21,718","27,662","31,857","27,154","22,097","12,747","8,406","6,593","4,768","2,202","517","97"
"경기도 안산시 상록구 (4127100000)","320,773","320,773","5,669","7,870","12,557","15,068","18,338","24,625","23,709","17,342","19,578","23,721","29,775","34,127","30,089","24,345","13,244","8,429","6,251","3,985","1,605","371","75","163,776","163,776","2,865","4,044","6,387","7,686","9,570","13,371","13,286","9,560","10,261","12,312","14,874","16,972","15,659","12,637","6,435","3,775","2,395","1,198","395","75","19","156,997","156,997","2,804","3,826","6,170","7,382","8,768","11,254","10,423","7,782","9,317","11,409","14,901","17,155","14,430","11,708","6,809","4,654","3,856","2,787","1,210","296","56"
"경기도 안산시 단원구 (4127300000)","288,467","288,467","6,944","8,053","10,854","13,242","14,896","21,651","23,140","18,865","18,805","21,387","25,910","29,154","26,216","21,684","11,737","6,957","4,524","2,869","1,268","258","53","148,229","148,229","3,494","4,135","5,490","6,918","7,677","11,640","12,830","10,432","10,143","11,078","13,149","14,452","13,492","11,295","5,799","3,205","1,787","888","276","37","12","140,238","140,238","3,450","3,918","5,364","6,324","7,219","10,011","10,310","8,433","8,662","10,309","12,761","14,702","12,724","10,389","5,938","3,752","2,737","1,981","992","221","41"
"경기도 고양시 (4128000000)","1,057,438","1,057,438","26,718","33,286","46,324","48,661","49,092","67,265","75,323","68,825","74,904","81,175","93,646","99,639","87,702","76,277","46,929","31,554","24,708","16,998","6,809","1,436","167","513,999","513,999","13,748","16,933","23,651","24,700","24,633","33,474","38,025","34,285","37,242","39,447","45,075","48,262","42,957","37,895","22,670","13,445","9,499","5,732","1,972","320","34","543,439","543,439","12,970","16,353","22,673","23,961","24,459","33,791","37,298","34,540","37,662","41,728","48,571","51,377","44,745","38,382","24,259","18,109","15,209","11,266","4,837","1,116","133"
"경기도 고양시 덕양구 (4128100000)","483,048","483,048","13,881","16,176","20,393","20,082","20,833","29,139","35,906","34,323","36,431","37,048","40,653","42,913","38,863","35,189","22,745","15,424","11,809","7,670","2,908","587","75","236,436","236,436","7,129","8,288","10,374","10,184","10,456","14,561","17,992","17,205","18,454","18,511","20,046","21,116","19,180","17,359","10,815","6,634","4,549","2,647","810","112","14","246,612","246,612","6,752","7,888","10,019","9,898","10,377","14,578","17,914","17,118","17,977","18,537","20,607","21,797","19,683","17,830","11,930","8,790","7,260","5,023","2,098","475","61"
"경기도 고양시 일산동구 (4128500000)","298,269","298,269","7,131","9,127","12,839","13,847","14,128","20,574","22,089","19,273","20,551","22,955","26,874","28,599","25,057","21,119","12,517","8,119","6,399","4,555","2,009","457","50","144,435","144,435","3,689","4,581","6,612","7,048","6,924","10,044","11,110","9,560","10,161","11,022","12,823","13,729","12,236","10,570","6,196","3,469","2,485","1,480","577","107","12","153,834","153,834","3,442","4,546","6,227","6,799","7,204","10,530","10,979","9,713","10,390","11,933","14,051","14,870","12,821","10,549","6,321","4,650","3,914","3,075","1,432","350","38"
"경기도 고양시 일산서구 (4128700000)","276,121","276,121","5,706","7,983","13,092","14,732","14,131","17,552","17,328","15,229","17,922","21,172","26,119","28,127","23,782","19,969","11,667","8,011","6,500","4,773","1,892","392","42","133,128","133,128","2,930","4,064","6,665","7,468","7,253","8,869","8,923","7,520","8,627","9,914","12,206","13,417","11,541","9,966","5,659","3,342","2,465","1,605","585","101","8","142,993","142,993","2,776","3,919","6,427","7,264","6,878","8,683","8,405","7,709","9,295","11,258","13,913","14,710","12,241","10,003","6,008","4,669","4,035","3,168","1,307","291","34"
"경기도 과천시 (4129000000)","80,832","80,832","3,423","4,678","4,580","3,751","3,519","4,609","5,976","6,505","6,972","6,089","5,830","6,058","5,637","5,066","3,126","2,025","1,467","936","459","107","19","39,352","39,352","1,744","2,389","2,321","1,922","1,745","2,333","2,897","3,101","3,425","3,035","2,814","2,833","2,782","2,438","1,540","906","610","343","147","23","4","41,480","41,480","1,679","2,289","2,259","1,829","1,774","2,276","3,079","3,404","3,547","3,054","3,016","3,225","2,855","2,628","1,586","1,119","857","593","312","84","15"
"경기도 구리시 (4131000000)","187,782","187,782","4,554","5,522","7,894","8,222","8,560","12,471","14,380","12,038","13,334","14,512","15,899","17,345","15,843","14,579","9,251","5,917","4,144","2,328","810","155","24","92,978","92,978","2,339","2,862","4,049","4,233","4,356","6,237","7,448","6,246","6,818","7,297","7,782","8,367","7,930","7,127","4,440","2,613","1,700","859","230","38","7","94,804","94,804","2,215","2,660","3,845","3,989","4,204","6,234","6,932","5,792","6,516","7,215","8,117","8,978","7,913","7,452","4,811","3,304","2,444","1,469","580","117","17"
"경기도 남양주시 (4136000000)","727,440","727,440","18,549","26,106","38,521","39,875","34,637","40,233","43,272","40,884","53,736","64,228","66,497","63,844","54,508","50,874","35,741","24,476","17,010","9,950","3,545","823","131","359,199","359,199","9,419","13,453","19,697","20,419","17,911","20,647","22,231","20,325","26,348","31,647","33,462","31,987","27,645","24,585","16,685","10,984","7,078","3,516","967","168","25","368,241","368,241","9,130","12,653","18,824","19,456","16,726","19,586","21,041","20,559","27,388","32,581","33,035","31,857","26,863","26,289","19,056","13,492","9,932","6,434","2,578","655","106"
"경기도 풍양출장소 (4136200000)","0","0","0","0","0","0","0","0","0","0","0","0","0","0","0","0","0","0","0","0","0","0","0","0","0","0","0","0","0","0","0","0","0","0","0","0","0","0","0","0","0","0","0","0","0","0","0","0","0","0","0","0","0","0","0","0","0","0","0","0","0","0","0","0","0","0","0","0","0"
"경기도 오산시 (4137000000)","253,590","253,590","8,051","9,858","13,756","13,645","12,100","16,500","21,031","20,149","23,005","23,898","22,263","19,722","15,546","13,477","8,296","5,400","3,795","2,152","764","155","27","132,360","132,360","4,159","5,080","6,971","7,019","6,398","9,153","11,924","11,074","12,493","12,849","11,726","10,173","8,014","6,560","3,930","2,401","1,472","729","204","29","2","121,230","121,230","3,892","4,778","6,785","6,626","5,702","7,347","9,107","9,075","10,512","11,049","10,537","9,549","7,532","6,917","4,366","2,999","2,323","1,423","560","126","25"
"경기도 시흥시 (4139000000)","514,831","514,831","15,949","21,043","26,523","25,518","24,546","31,920","37,679","36,184","43,201","45,215","45,434","46,848","40,065","31,857","17,741","10,795","7,328","4,687","1,817","415","66","268,030","268,030","8,243","10,604","13,534","13,098","13,232","17,331","20,563","19,250","23,018","24,344","24,058","24,078","21,298","16,885","8,785","4,960","2,857","1,427","394","59","12","246,801","246,801","7,706","10,439","12,989","12,420","11,314","14,589","17,116","16,934","20,183","20,871","21,376","22,770","18,767","14,972","8,956","5,835","4,471","3,260","1,423","356","54"
"경기도 군포시 (4141000000)","249,462","249,462","5,323","6,506","10,122","11,779","12,294","16,667","18,497","15,496","16,285","18,572","21,440","23,244","21,422","20,301","12,357","7,844","5,633","3,663","1,635","343","39","123,498","123,498","2,727","3,301","5,217","6,118","6,395","8,776","9,976","8,224","8,327","9,177","10,387","11,202","10,406","9,739","5,916","3,601","2,239","1,231","450","79","10","125,964","125,964","2,596","3,205","4,905","5,661","5,899","7,891","8,521","7,272","7,958","9,395","11,053","12,042","11,016","10,562","6,441","4,243","3,394","2,432","1,185","264","29"
"경기도 의왕시 (4143000000)","164,221","164,221","5,888","5,658","6,531","6,876","7,167","10,225","12,980","12,401","11,709","10,962","12,619","14,448","13,856","13,241","8,248","4,912","3,320","2,045","876","221","38","81,020","81,020","3,010","2,954","3,306","3,533","3,682","5,295","6,649","6,321","6,109","5,503","6,041","6,753","6,642","6,442","4,066","2,322","1,425","708","213","40","6","83,201","83,201","2,878","2,704","3,225","3,343","3,485","4,930","6,331","6,080","5,600","5,459","6,578","7,695","7,214","6,799","4,182","2,590","1,895","1,337","663","181","32"
"경기도 하남시 (4145000000)","327,495","327,495","10,913","14,615","18,176","15,771","13,283","19,138","23,881","24,767","29,621","29,762","26,200","23,774","21,208","21,482","15,150","9,764","5,549","2,950","1,145","302","44","162,376","162,376","5,717","7,550","9,101","7,926","6,636","9,414","11,862","12,146","14,852","15,141","13,535","11,922","10,404","10,253","7,163","4,829","2,521","1,058","298","42","6","165,119","165,119","5,196","7,065","9,075","7,845","6,647","9,724","12,019","12,621","14,769","14,621","12,665","11,852","10,804","11,229","7,987","4,935","3,028","1,892","847","260","38"
"경기도 용인시 (4146000000)","1,090,211","1,090,211","30,183","40,502","58,963","62,352","57,393","67,578","70,816","67,540","82,609","95,630","99,961","92,935","72,495","63,067","45,935","34,761","25,572","14,958","5,577","1,225","159","540,011","540,011","15,342","20,669","30,080","31,778","29,878","35,516","36,799","33,910","40,615","46,867","49,517","46,305","36,644","30,706","20,803","15,217","11,136","6,047","1,885","264","33","550,200","550,200","14,841","19,833","28,883","30,574","27,515","32,062","34,017","33,630","41,994","48,763","50,444","46,630","35,851","32,361","25,132","19,544","14,436","8,911","3,692","961","126"
"경기도 용인시 처인구 (4146100000)","286,391","286,391","7,881","9,669","12,736","14,633","14,315","17,699","19,562","18,175","21,247","22,919","24,621","25,221","22,750","20,630","13,780","8,809","6,196","3,656","1,506","349","37","146,514","146,514","3,964","4,956","6,480","7,549","7,714","9,796","10,575","9,798","11,159","12,005","12,798","12,786","11,577","10,392","6,608","4,104","2,531","1,240","418","57","7","139,877","139,877","3,917","4,713","6,256","7,084","6,601","7,903","8,987","8,377","10,088","10,914","11,823","12,435","11,173","10,238","7,172","4,705","3,665","2,416","1,088","292","30"
"경기도 용인시 기흥구 (4146300000)","434,590","434,590","11,232","14,958","23,188","25,198","24,046","28,364","27,673","25,193","31,142","38,342","41,720","38,688","28,525","24,290","18,091","14,094","10,605","6,299","2,350","517","75","213,892","213,892","5,703","7,703","11,930","12,800","12,556","14,876","14,546","12,611","15,148","18,461","20,237","19,147","14,362","11,542","8,104","6,026","4,608","2,567","831","116","18","220,698","220,698","5,529","7,255","11,258","12,398","11,490","13,488","13,127","12,582","15,994","19,881","21,483","19,541","14,163","12,748","9,987","8,068","5,997","3,732","1,519","401","57"
"경기도 용인시 수지구 (4146500000)","369,230","369,230","11,070","15,875","23,039","22,521","19,032","21,515","23,581","24,172","30,220","34,369","33,620","29,026","21,220","18,147","14,064","11,858","8,771","5,003","1,721","359","47","179,605","179,605","5,675","8,010","11,670","11,429","9,608","10,844","11,678","11,501","14,308","16,401","16,482","14,372","10,705","8,772","6,091","5,087","3,997","2,240","636","91","8","189,625","189,625","5,395","7,865","11,369","11,092","9,424","10,671","11,903","12,671","15,912","17,968","17,138","14,654","10,515","9,375","7,973","6,771","4,774","2,763","1,085","268","39"
"경기도 파주시 (4148000000)","533,387","533,387","16,464","21,726","28,394","27,513","23,613","30,861","36,841","37,539","43,597","44,770","45,906","44,225","37,482","33,657","21,929","15,584","11,907","7,758","2,880","662","79","268,382","268,382","8,413","11,079","14,507","13,961","12,385","16,441","18,919","19,290","22,954","22,943","23,343","22,802","19,121","16,737","10,348","6,815","4,741","2,637","776","150","20","265,005","265,005","8,051","10,647","13,887","13,552","11,228","14,420","17,922","18,249","20,643","21,827","22,563","21,423","18,361","16,920","11,581","8,769","7,166","5,121","2,104","512","59"
"경기도 이천시 (4150000000)","224,740","224,740","6,027","7,313","10,437","11,727","10,311","15,896","17,121","14,450","15,957","17,351","18,210","18,871","17,372","16,717","10,727","6,759","4,903","3,084","1,227","240","40","117,436","117,436","3,155","3,791","5,345","6,039","5,589","9,410","10,183","7,722","8,577","8,964","9,482","9,736","8,990","8,527","5,321","3,130","2,020","1,054","337","52","12","107,304","107,304","2,872","3,522","5,092","5,688","4,722","6,486","6,938","6,728","7,380","8,387","8,728","9,135","8,382","8,190","5,406","3,629","2,883","2,030","890","188","28"
"경기도 안성시 (4155000000)","198,785","198,785","4,561","5,673","8,367","9,436","9,996","11,867","12,578","11,284","13,398","15,571","16,688","17,762","16,327","16,180","11,207","7,239","5,248","3,623","1,469","270","41","102,860","102,860","2,381","2,938","4,273","4,892","5,328","6,621","7,203","6,261","7,259","8,366","8,796","9,293","8,551","8,092","5,511","3,338","2,113","1,221","370","47","6","95,925","95,925","2,180","2,735","4,094","4,544","4,668","5,246","5,375","5,023","6,139","7,205","7,892","8,469","7,776","8,088","5,696","3,901","3,135","2,402","1,099","223","35"
"경기도 김포시 (4157000000)","484,042","484,042","14,328","21,650","30,503","26,160","19,785","25,603","29,823","31,931","43,556","46,898","41,161","36,060","31,895","30,621","21,405","14,681","9,754","5,600","2,062","503","63","241,341","241,341","7,399","11,181","15,375","13,391","10,113","12,970","15,160","15,674","21,596","23,943","21,541","18,293","16,034","14,957","9,922","6,815","4,199","2,095","574","95","14","242,701","242,701","6,929","10,469","15,128","12,769","9,672","12,633","14,663","16,257","21,960","22,955","19,620","17,767","15,861","15,664","11,483","7,866","5,555","3,505","1,488","408","49"
"경기도 화성시 (4159000000)","998,746","998,746","40,320","47,947","61,678","56,739","44,329","64,081","83,563","82,152","92,689","93,839","82,508","71,334","56,477","48,668","30,194","18,516","12,218","7,591","3,163","656","84","517,392","517,392","20,540","24,589","31,378","28,889","23,135","34,714","45,362","42,979","47,909","49,557","43,826","37,719","29,922","24,874","14,895","8,568","5,020","2,595","801","109","11","481,354","481,354","19,780","23,358","30,300","27,850","21,194","29,367","38,201","39,173","44,780","44,282","38,682","33,615","26,555","23,794","15,299","9,948","7,198","4,996","2,362","547","73"
"경기도 화성시 만세구 (4159100000)","234,482","234,482","6,467","9,057","12,012","11,268","8,866","14,394","16,189","15,506","19,062","20,401","19,925","19,830","18,209","16,896","10,434","6,577","4,588","3,147","1,334","287","33","127,823","127,823","3,293","4,640","6,144","5,816","4,905","8,601","9,745","8,709","10,528","11,593","11,469","11,242","10,127","9,087","5,385","3,205","1,871","1,056","339","62","6","106,659","106,659","3,174","4,417","5,868","5,452","3,961","5,793","6,444","6,797","8,534","8,808","8,456","8,588","8,082","7,809","5,049","3,372","2,717","2,091","995","225","27"
"경기도 화성시 효행구 (4159300000)","160,481","160,481","6,861","6,511","7,743","7,908","7,467","9,119","12,757","13,259","13,184","13,099","13,257","12,650","11,039","9,926","6,422","4,013","2,654","1,689","731","163","29","82,781","82,781","3,501","3,250","3,922","3,930","3,861","4,813","6,682","7,181","7,124","6,923","7,023","6,675","5,829","5,140","3,258","1,827","1,105","555","162","18","2","77,700","77,700","3,360","3,261","3,821","3,978","3,606","4,306","6,075","6,078","6,060","6,176","6,234","5,975","5,210","4,786","3,164","2,186","1,549","1,134","569","145","27"
"경기도 화성시 병점구 (4159500000)","174,794","174,794","6,556","7,703","9,208","9,285","9,032","12,970","15,156","14,375","15,611","15,270","14,661","13,125","10,079","8,647","5,540","3,427","2,262","1,313","461","103","10","90,433","90,433","3,395","3,969","4,723","4,783","4,729","7,291","8,550","7,637","8,261","8,004","7,588","6,582","5,106","4,187","2,624","1,491","890","476","132","13","2","84,361","84,361","3,161","3,734","4,485","4,502","4,303","5,679","6,606","6,738","7,350","7,266","7,073","6,543","4,973","4,460","2,916","1,936","1,372","837","329","90","8"
"경기도 화성시 동탄구 (4159700000)","428,989","428,989","20,436","24,676","32,715","28,278","18,964","27,598","39,461","39,012","44,832","45,069","34,665","25,729","17,150","13,199","7,798","4,499","2,714","1,442","637","103","12","216,355","216,355","10,351","12,730","16,589","14,360","9,640","14,009","20,385","19,452","21,996","23,037","17,746","13,220","8,860","6,460","3,628","2,045","1,154","508","168","16","1","212,634","212,634","10,085","11,946","16,126","13,918","9,324","13,589","19,076","19,560","22,836","22,032","16,919","12,509","8,290","6,739","4,170","2,454","1,560","934","469","87","11"
"경기도 광주시 (4161000000)","399,111","399,111","11,171","14,857","18,701","17,672","15,897","21,697","25,760","25,796","32,685","34,347","34,733","35,741","31,874","30,692","20,286","12,508","8,045","4,572","1,653","367","57","203,068","203,068","5,689","7,569","9,644","8,993","8,313","11,544","13,768","13,343","17,001","18,139","18,087","18,137","16,077","15,127","10,003","5,894","3,582","1,625","452","67","14","196,043","196,043","5,482","7,288","9,057","8,679","7,584","10,153","11,992","12,453","15,684","16,208","16,646","17,604","15,797","15,565","10,283","6,614","4,463","2,947","1,201","300","43"
"경기도 양주시 (4163000000)","297,226","297,226","10,203","12,048","14,898","14,302","13,282","17,002","20,465","19,677","22,741","23,730","25,418","24,869","21,699","20,494","13,982","9,461","6,903","4,086","1,579","338","49","149,221","149,221","5,270","6,134","7,494","7,177","6,989","8,893","10,662","10,009","11,801","12,091","12,954","12,579","11,169","10,165","6,688","4,295","2,902","1,427","443","68","11","148,005","148,005","4,933","5,914","7,404","7,125","6,293","8,109","9,803","9,668","10,940","11,639","12,464","12,290","10,530","10,329","7,294","5,166","4,001","2,659","1,136","270","38"
"경기도 포천시 (4165000000)","140,468","140,468","2,420","3,064","4,414","5,263","5,778","7,907","7,708","6,311","6,880","8,394","11,464","14,241","15,363","15,732","9,710","6,207","4,725","3,279","1,274","281","53","74,393","74,393","1,250","1,635","2,293","2,804","3,225","4,578","4,458","3,590","3,808","4,513","6,181","7,676","8,444","8,490","5,153","2,925","1,927","1,066","322","44","11","66,075","66,075","1,170","1,429","2,121","2,459","2,553","3,329","3,250","2,721","3,072","3,881","5,283","6,565","6,919","7,242","4,557","3,282","2,798","2,213","952","237","42"
"경기도 여주시 (4167000000)","113,506","113,506","2,102","2,954","4,193","4,626","4,150","5,391","5,893","5,376","6,511","7,800","9,127","10,732","11,226","11,658","8,754","5,273","3,946","2,511","1,016","238","29","57,902","57,902","1,051","1,512","2,205","2,450","2,282","2,929","3,290","2,870","3,337","4,034","4,699","5,536","5,853","5,968","4,369","2,609","1,656","932","268","50","2","55,604","55,604","1,051","1,442","1,988","2,176","1,868","2,462","2,603","2,506","3,174","3,766","4,428","5,196","5,373","5,690","4,385","2,664","2,290","1,579","748","188","27"
"경기도 연천군 (4180000000)","42,977","42,977","804","1,020","1,283","1,491","1,838","2,534","2,397","1,804","2,023","2,197","2,859","3,598","4,341","4,895","3,507","2,450","1,976","1,347","503","100","10","22,563","22,563","402","524","650","784","1,105","1,592","1,447","1,040","1,121","1,179","1,597","1,899","2,317","2,515","1,817","1,138","813","445","148","28","2","20,414","20,414","402","496","633","707","733","942","950","764","902","1,018","1,262","1,699","2,024","2,380","1,690","1,312","1,163","902","355","72","8"
"경기도 가평군 (4182000000)","62,041","62,041","1,070","1,324","1,892","2,146","2,191","2,962","2,859","2,493","3,020","3,681","4,583","5,748","6,475","7,459","5,612","3,379","2,689","1,641","674","116","27","31,876","31,876","554","676","963","1,099","1,208","1,679","1,622","1,356","1,586","1,960","2,481","2,993","3,389","3,867","2,833","1,629","1,168","612","173","20","8","30,165","30,165","516","648","929","1,047","983","1,283","1,237","1,137","1,434","1,721","2,102","2,755","3,086","3,592","2,779","1,750","1,521","1,029","501","96","19"
"경기도 양평군 (4183000000)","126,822","126,822","2,277","3,151","4,779","5,082","4,097","4,625","5,372","5,082","6,864","8,171","9,791","11,283","13,032","14,963","11,273","7,071","5,144","3,124","1,312","289","40","63,721","63,721","1,182","1,626","2,446","2,680","2,315","2,542","2,879","2,600","3,469","4,003","5,119","5,648","6,590","7,530","5,601","3,513","2,376","1,194","345","60","3","63,101","63,101","1,095","1,525","2,333","2,402","1,782","2,083","2,493","2,482","3,395","4,168","4,672","5,635","6,442","7,433","5,672","3,558","2,768","1,930","967","229","37"
"강원특별자치도  (5100000000)","1,507,217","1,507,217","34,940","44,066","59,471","65,146","66,555","78,690","83,798","75,515","89,574","102,565","119,946","135,000","134,623","147,230","102,089","63,734","53,520","34,620","12,694","2,989","452","758,261","758,261","17,837","22,541","30,513","33,923","37,035","44,371","45,709","40,076","45,981","52,033","61,721","69,559","68,383","73,057","49,813","28,762","21,538","11,651","3,135","527","96","748,956","748,956","17,103","21,525","28,958","31,223","29,520","34,319","38,089","35,439","43,593","50,532","58,225","65,441","66,240","74,173","52,276","34,972","31,982","22,969","9,559","2,462","356"
"동해출장소  (5110500000)","0","0","0","0","0","0","0","0","0","0","0","0","0","0","0","0","0","0","0","0","0","0","0","0","0","0","0","0","0","0","0","0","0","0","0","0","0","0","0","0","0","0","0","0","0","0","0","0","0","0","0","0","0","0","0","0","0","0","0","0","0","0","0","0","0","0","0","0","0"
"강원특별자치도 춘천시 (5111000000)","285,027","285,027","7,633","9,239","12,560","13,029","16,751","17,744","18,585","16,395","18,352","19,966","21,982","23,957","22,346","23,202","16,247","9,692","8,756","5,820","2,205","503","63","140,401","140,401","3,852","4,746","6,451","6,728","8,743","9,681","9,823","8,428","9,220","9,845","10,740","12,042","11,045","11,030","7,714","4,185","3,475","1,982","552","97","22","144,626","144,626","3,781","4,493","6,109","6,301","8,008","8,063","8,762","7,967","9,132","10,121","11,242","11,915","11,301","12,172","8,533","5,507","5,281","3,838","1,653","406","41"
"강원특별자치도 원주시 (5113000000)","364,811","364,811","10,428","12,931","16,747","17,682","16,691","21,442","25,008","22,471","25,596","27,634","30,165","31,948","29,524","29,393","18,719","10,715","8,703","6,167","2,260","526","61","180,692","180,692","5,302","6,636","8,535","9,007","9,052","11,362","12,996","11,553","12,851","13,637","14,706","15,889","14,701","14,383","9,060","4,781","3,473","2,105","552","97","14","184,119","184,119","5,126","6,295","8,212","8,675","7,639","10,080","12,012","10,918","12,745","13,997","15,459","16,059","14,823","15,010","9,659","5,934","5,230","4,062","1,708","429","47"
"강원특별자치도 강릉시 (5115000000)","205,666","205,666","4,334","5,611","7,779","8,557","9,093","10,716","10,992","9,663","11,949","14,615","17,555","18,608","17,825","19,734","14,174","9,572","7,770","4,750","1,827","475","67","101,963","101,963","2,244","2,909","4,027","4,512","5,167","5,837","5,919","5,182","6,056","7,419","8,982","9,445","8,791","9,397","6,539","4,255","3,132","1,581","481","82","6","103,703","103,703","2,090","2,702","3,752","4,045","3,926","4,879","5,073","4,481","5,893","7,196","8,573","9,163","9,034","10,337","7,635","5,317","4,638","3,169","1,346","393","61"
"강원특별자치도 동해시 (5117000000)","85,589","85,589","1,901","2,587","3,800","3,964","3,201","4,042","4,318","3,740","5,183","6,478","7,662","8,093","7,187","8,052","5,862","3,902","3,044","1,786","635","136","16","43,362","43,362","984","1,306","1,966","2,087","1,880","2,383","2,492","2,003","2,696","3,276","4,053","4,212","3,613","3,826","2,765","1,786","1,210","645","152","25","2","42,227","42,227","917","1,281","1,834","1,877","1,321","1,659","1,826","1,737","2,487","3,202","3,609","3,881","3,574","4,226","3,097","2,116","1,834","1,141","483","111","14"
"강원특별자치도 태백시 (5119000000)","36,811","36,811","546","847","1,390","1,773","1,220","1,376","1,355","1,315","1,990","2,703","3,149","3,440","3,286","4,055","3,164","2,238","1,654","948","302","45","15","18,637","18,637","278","443","730","947","676","828","785","719","1,045","1,378","1,747","1,890","1,719","2,020","1,480","927","667","285","66","4","3","18,174","18,174","268","404","660","826","544","548","570","596","945","1,325","1,402","1,550","1,567","2,035","1,684","1,311","987","663","236","41","12"
"강원특별자치도 속초시 (5121000000)","78,893","78,893","1,764","2,262","3,344","3,170","2,685","3,862","4,406","4,191","4,961","5,566","6,604","7,597","7,335","7,755","5,282","3,345","2,556","1,479","535","172","22","38,976","38,976","920","1,184","1,655","1,625","1,467","2,160","2,442","2,328","2,519","2,806","3,254","3,714","3,591","3,692","2,501","1,436","1,006","490","147","33","6","39,917","39,917","844","1,078","1,689","1,545","1,218","1,702","1,964","1,863","2,442","2,760","3,350","3,883","3,744","4,063","2,781","1,909","1,550","989","388","139","16"
"강원특별자치도 삼척시 (5123000000)","60,294","60,294","1,209","1,454","1,927","2,630","3,235","2,500","2,349","2,259","2,985","3,733","4,856","5,552","5,653","6,510","4,709","3,327","2,731","1,745","759","144","27","30,872","30,872","626","754","979","1,378","1,865","1,492","1,295","1,228","1,615","1,979","2,727","3,113","2,961","3,270","2,287","1,525","1,021","539","196","18","4","29,422","29,422","583","700","948","1,252","1,370","1,008","1,054","1,031","1,370","1,754","2,129","2,439","2,692","3,240","2,422","1,802","1,710","1,206","563","126","23"
"강원특별자치도 홍천군 (5172000000)","65,849","65,849","1,152","1,520","2,079","2,232","2,013","2,678","2,827","2,559","3,059","3,558","4,517","6,002","7,290","8,779","6,152","3,469","2,891","2,049","806","186","31","33,960","33,960","577","774","1,048","1,132","1,179","1,619","1,629","1,449","1,611","1,855","2,450","3,130","3,862","4,543","3,251","1,720","1,202","702","191","28","8","31,889","31,889","575","746","1,031","1,100","834","1,059","1,198","1,110","1,448","1,703","2,067","2,872","3,428","4,236","2,901","1,749","1,689","1,347","615","158","23"
"강원특별자치도 횡성군 (5173000000)","45,575","45,575","587","915","1,241","1,965","1,326","1,416","1,386","1,395","1,864","2,296","3,023","4,287","5,438","6,620","4,597","2,699","2,255","1,550","553","145","17","23,612","23,612","303","485","665","1,050","767","813","787","737","980","1,263","1,688","2,222","2,885","3,458","2,441","1,361","997","549","142","19","0","21,963","21,963","284","430","576","915","559","603","599","658","884","1,033","1,335","2,065","2,553","3,162","2,156","1,338","1,258","1,001","411","126","17"
"강원특별자치도 영월군 (5175000000)","35,714","35,714","420","731","1,033","1,353","1,151","1,116","1,077","1,134","1,568","1,934","2,628","3,465","4,050","4,799","3,466","2,177","1,876","1,200","437","87","12","18,510","18,510","229","382","544","780","683","646","612","603","823","1,024","1,421","1,912","2,210","2,533","1,816","1,015","745","402","103","23","4","17,204","17,204","191","349","489","573","468","470","465","531","745","910","1,207","1,553","1,840","2,266","1,650","1,162","1,131","798","334","64","8"
"강원특별자치도 평창군 (5176000000)","39,897","39,897","488","704","1,095","1,379","1,240","1,392","1,270","1,253","1,681","2,286","3,102","4,017","4,634","5,507","3,832","2,365","1,851","1,305","391","88","17","20,688","20,688","237","332","557","736","730","841","738","682","913","1,200","1,718","2,152","2,458","2,904","1,987","1,119","806","468","96","12","2","19,209","19,209","251","372","538","643","510","551","532","571","768","1,086","1,384","1,865","2,176","2,603","1,845","1,246","1,045","837","295","76","15"
"강원특별자치도 정선군 (5177000000)","35,128","35,128","393","619","916","1,158","1,146","1,232","1,086","1,210","1,646","2,258","2,962","3,670","3,876","4,601","3,189","2,035","1,697","1,003","343","62","26","18,479","18,479","187","296","483","596","618","714","662","669","927","1,305","1,750","2,076","2,129","2,423","1,638","908","671","330","76","14","7","16,649","16,649","206","323","433","562","528","518","424","541","719","953","1,212","1,594","1,747","2,178","1,551","1,127","1,026","673","267","48","19"
"강원특별자치도 철원군 (5178000000)","39,711","39,711","1,032","1,172","1,378","1,621","1,751","2,190","2,261","1,849","2,011","2,365","2,841","3,321","3,673","3,991","2,781","2,047","1,883","1,112","321","95","16","20,502","20,502","515","583","687","879","1,073","1,414","1,367","1,027","1,072","1,206","1,550","1,747","1,936","2,040","1,266","924","760","350","88","17","1","19,209","19,209","517","589","691","742","678","776","894","822","939","1,159","1,291","1,574","1,737","1,951","1,515","1,123","1,123","762","233","78","15"
"강원특별자치도 화천군 (5179000000)","22,579","22,579","567","631","780","813","1,146","1,586","1,406","1,092","1,095","1,102","1,439","1,873","2,107","2,399","1,608","993","988","664","220","54","16","12,114","12,114","287","295","392","413","730","1,071","874","664","575","604","762","1,014","1,150","1,295","859","448","401","215","47","13","5","10,465","10,465","280","336","388","400","416","515","532","428","520","498","677","859","957","1,104","749","545","587","449","173","41","11"
"강원특별자치도 양구군 (5180000000)","20,372","20,372","540","635","762","1,078","904","1,183","1,159","1,031","1,126","1,117","1,321","1,691","1,934","2,092","1,371","837","821","530","200","38","2","10,718","10,718","283","301","390","549","552","791","699","575","590","579","721","912","1,013","1,102","732","358","344","177","44","6","0","9,654","9,654","257","334","372","529","352","392","460","456","536","538","600","779","921","990","639","479","477","353","156","32","2"
"강원특별자치도 인제군 (5181000000)","30,771","30,771","922","957","1,072","1,038","1,294","1,986","2,040","1,705","1,759","1,850","2,126","2,430","2,913","3,278","2,135","1,133","1,089","714","253","63","14","16,875","16,875","483","492","568","561","841","1,362","1,286","997","979","995","1,244","1,335","1,499","1,792","1,120","551","466","235","55","11","3","13,896","13,896","439","465","504","477","453","624","754","708","780","855","882","1,095","1,414","1,486","1,015","582","623","479","198","52","11"
"강원특별자치도 고성군 (5182000000)","27,204","27,204","575","626","771","826","908","1,240","1,280","1,206","1,348","1,424","1,979","2,504","2,764","3,149","2,332","1,503","1,454","921","294","85","15","13,936","13,936","292","311","411","455","541","760","745","677","727","776","1,096","1,354","1,431","1,612","1,155","667","553","294","62","12","5","13,268","13,268","283","315","360","371","367","480","535","529","621","648","883","1,150","1,333","1,537","1,177","836","901","627","232","73","10"
"강원특별자치도 양양군 (5183000000)","27,326","27,326","449","625","797","878","800","989","993","1,047","1,401","1,680","2,035","2,545","2,788","3,314","2,469","1,685","1,501","877","353","85","15","13,964","13,964","238","312","425","488","471","597","558","555","782","886","1,112","1,400","1,389","1,737","1,202","796","609","302","85","16","4","13,362","13,362","211","313","372","390","329","392","435","492","619","794","923","1,145","1,399","1,577","1,267","889","892","575","268","69","11"
"충청북도  (4300000000)","1,600,787","1,600,787","40,491","50,857","69,720","73,399","72,422","92,538","103,980","90,761","105,130","114,651","128,293","141,913","134,142","138,372","94,423","59,180","45,420","30,087","12,275","2,413","320","816,339","816,339","20,753","26,193","35,590","38,104","39,487","51,767","58,819","49,136","55,070","59,832","66,170","72,566","68,917","69,601","45,972","27,205","17,880","9,830","2,989","406","52","784,448","784,448","19,738","24,664","34,130","35,295","32,935","40,771","45,161","41,625","50,060","54,819","62,123","69,347","65,225","68,771","48,451","31,975","27,540","20,257","9,286","2,007","268"
"충청북도 청주시 (4311000000)","859,571","859,571","26,073","31,428","41,990","42,520","43,873","57,718","67,030","56,966","63,411","66,280","70,047","72,214","62,432","59,882","39,200","24,238","17,641","11,074","4,569","879","106","434,988","434,988","13,294","16,120","21,434","21,834","23,486","31,627","37,376","30,509","32,793","34,157","35,076","35,823","31,150","29,131","18,516","10,889","6,907","3,569","1,136","147","14","424,583","424,583","12,779","15,308","20,556","20,686","20,387","26,091","29,654","26,457","30,618","32,123","34,971","36,391","31,282","30,751","20,684","13,349","10,734","7,505","3,433","732","92"
"충청북도 청주시 상당구 (4311100000)","193,079","193,079","5,285","7,166","9,891","9,568","8,383","10,956","12,554","11,170","13,548","14,786","16,087","17,254","15,633","15,072","10,169","6,334","4,754","2,998","1,196","246","29","95,877","95,877","2,686","3,612","5,028","5,000","4,521","5,863","6,656","5,738","6,807","7,503","7,954","8,470","7,812","7,365","4,874","2,825","1,854","966","299","39","5","97,202","97,202","2,599","3,554","4,863","4,568","3,862","5,093","5,898","5,432","6,741","7,283","8,133","8,784","7,821","7,707","5,295","3,509","2,900","2,032","897","207","24"
"충청북도 청주시 서원구 (4311200000)","187,779","187,779","4,613","5,220","7,825","9,433","11,945","12,566","12,908","10,193","11,471","13,464","16,095","17,408","14,883","14,905","9,914","6,254","4,523","2,797","1,114","219","29","93,588","93,588","2,337","2,745","4,013","4,799","6,306","6,873","7,184","5,477","5,859","6,714","7,847","8,441","7,378","7,183","4,597","2,753","1,796","952","295","36","3","94,191","94,191","2,276","2,475","3,812","4,634","5,639","5,693","5,724","4,716","5,612","6,750","8,248","8,967","7,505","7,722","5,317","3,501","2,727","1,845","819","183","26"
"충청북도 청주시 흥덕구 (4311300000)","292,625","292,625","10,849","12,097","14,217","13,573","14,050","21,953","27,330","23,200","23,502","22,387","23,089","23,229","19,551","17,606","10,918","6,507","4,438","2,691","1,194","216","28","149,484","149,484","5,479","6,174","7,253","7,012","7,567","11,941","15,294","12,381","12,368","11,572","11,602","11,499","9,684","8,571","5,179","2,985","1,740","841","298","41","3","143,141","143,141","5,370","5,923","6,964","6,561","6,483","10,012","12,036","10,819","11,134","10,815","11,487","11,730","9,867","9,035","5,739","3,522","2,698","1,850","896","175","25"
"충청북도 청주시 청원구 (4311400000)","186,088","186,088","5,326","6,945","10,057","9,946","9,495","12,243","14,238","12,403","14,890","15,643","14,776","14,323","12,365","12,299","8,199","5,143","3,926","2,588","1,065","198","20","96,039","96,039","2,792","3,589","5,140","5,023","5,092","6,950","8,242","6,913","7,759","8,368","7,673","7,413","6,276","6,012","3,866","2,326","1,517","810","244","31","3","90,049","90,049","2,534","3,356","4,917","4,923","4,403","5,293","5,996","5,490","7,131","7,275","7,103","6,910","6,089","6,287","4,333","2,817","2,409","1,778","821","167","17"
"충청북도 충주시 (4313000000)","205,978","205,978","4,515","5,963","8,222","9,028","8,833","10,900","11,770","10,717","12,726","14,173","16,606","19,037","18,508","19,584","13,534","8,245","6,738","4,616","1,869","342","52","104,552","104,552","2,383","3,063","4,127","4,759","4,911","6,282","6,849","5,910","6,704","7,261","8,500","9,590","9,424","9,886","6,505","3,699","2,672","1,501","452","61","13","101,426","101,426","2,132","2,900","4,095","4,269","3,922","4,618","4,921","4,807","6,022","6,912","8,106","9,447","9,084","9,698","7,029","4,546","4,066","3,115","1,417","281","39"
"충청북도 제천시 (4315000000)","128,192","128,192","2,449","3,392","4,945","6,016","6,383","6,259","5,983","5,383","6,948","7,965","10,038","12,076","11,974","13,486","9,865","5,950","4,714","3,019","1,074","235","38","64,719","64,719","1,285","1,774","2,511","3,102","3,494","3,544","3,447","2,868","3,621","4,138","5,145","6,194","6,081","6,697","4,902","2,701","1,883","1,020","273","35","4","63,473","63,473","1,164","1,618","2,434","2,914","2,889","2,715","2,536","2,515","3,327","3,827","4,893","5,882","5,893","6,789","4,963","3,249","2,831","1,999","801","200","34"
"충청북도 보은군 (4372000000)","31,181","31,181","387","560","804","972","849","985","912","969","1,222","1,482","2,019","2,842","3,653","4,335","3,150","2,178","1,745","1,329","628","148","12","15,874","15,874","196","297","412","518","479","594","535","519","644","815","1,125","1,557","2,004","2,281","1,580","1,055","666","423","145","26","3","15,307","15,307","191","263","392","454","370","391","377","450","578","667","894","1,285","1,649","2,054","1,570","1,123","1,079","906","483","122","9"
"충청북도 옥천군 (4373000000)","50,547","50,547","688","969","1,570","1,922","1,754","2,049","1,781","1,677","2,289","2,953","3,847","4,858","5,289","6,202","4,675","3,120","2,394","1,582","757","152","19","25,696","25,696","341","515","812","1,027","1,012","1,152","981","902","1,169","1,556","2,051","2,547","2,875","3,218","2,351","1,515","920","514","196","36","6","24,851","24,851","347","454","758","895","742","897","800","775","1,120","1,397","1,796","2,311","2,414","2,984","2,324","1,605","1,474","1,068","561","116","13"
"충청북도 영동군 (4374000000)","43,011","43,011","554","725","1,191","1,480","1,369","1,457","1,394","1,236","1,625","2,129","3,160","4,139","4,784","5,691","4,170","2,983","2,486","1,643","661","116","18","21,731","21,731","293","359","603","797","725","840","805","661","879","1,128","1,755","2,284","2,487","2,955","2,119","1,356","967","530","170","16","2","21,280","21,280","261","366","588","683","644","617","589","575","746","1,001","1,405","1,855","2,297","2,736","2,051","1,627","1,519","1,113","491","100","16"
"충청북도 증평군 (4374500000)","36,741","36,741","931","1,235","1,689","1,685","1,425","2,090","2,426","2,062","2,500","2,710","2,905","3,275","3,027","3,142","2,202","1,365","1,055","683","283","44","7","19,158","19,158","462","641","864","885","849","1,228","1,388","1,133","1,382","1,462","1,573","1,726","1,561","1,601","1,063","637","409","222","61","9","2","17,583","17,583","469","594","825","800","576","862","1,038","929","1,118","1,248","1,332","1,549","1,466","1,541","1,139","728","646","461","222","35","5"
"충청북도 진천군 (4375000000)","85,569","85,569","2,359","3,203","4,262","4,140","3,011","4,249","5,372","5,284","6,518","7,104","7,123","7,537","6,943","6,767","4,419","2,730","2,091","1,634","681","125","17","45,294","45,294","1,237","1,664","2,176","2,160","1,759","2,459","3,152","2,942","3,509","3,874","3,955","4,103","3,805","3,524","2,194","1,294","791","543","137","15","1","40,275","40,275","1,122","1,539","2,086","1,980","1,252","1,790","2,220","2,342","3,009","3,230","3,168","3,434","3,138","3,243","2,225","1,436","1,300","1,091","544","110","16"
"충청북도 괴산군 (4376000000)","37,415","37,415","419","604","809","933","1,003","1,088","1,048","1,058","1,366","1,728","2,460","3,717","4,770","5,565","3,988","2,598","2,076","1,482","574","115","14","19,395","19,395","211","324","411","480","574","659","593","585","743","971","1,402","2,019","2,539","3,031","2,064","1,308","816","509","134","21","1","18,020","18,020","208","280","398","453","429","429","455","473","623","757","1,058","1,698","2,231","2,534","1,924","1,290","1,260","973","440","94","13"
"충청북도 음성군 (4377000000)","95,954","95,954","1,838","2,341","3,541","3,905","3,220","4,941","5,467","4,629","5,517","6,807","8,226","9,572","9,547","9,706","6,528","3,913","3,064","2,107","868","187","30","51,296","51,296","918","1,217","1,860","2,116","1,781","2,914","3,232","2,672","3,087","3,753","4,584","5,270","5,256","5,211","3,309","1,888","1,284","699","209","30","6","44,658","44,658","920","1,124","1,681","1,789","1,439","2,027","2,235","1,957","2,430","3,054","3,642","4,302","4,291","4,495","3,219","2,025","1,780","1,408","659","157","24"
"충청북도 단양군 (4380000000)","26,628","26,628","278","437","697","798","702","802","797","780","1,008","1,320","1,862","2,646","3,215","4,012","2,692","1,860","1,416","918","311","70","7","13,636","13,636","133","219","380","426","417","468","461","435","539","717","1,004","1,453","1,735","2,066","1,369","863","565","300","76","10","0","12,992","12,992","145","218","317","372","285","334","336","345","469","603","858","1,193","1,480","1,946","1,323","997","851","618","235","60","7"
"충청남도  (4400000000)","2,138,785","2,138,785","52,053","71,017","99,606","103,002","94,345","114,308","128,395","123,837","148,855","162,390","172,935","180,981","169,787","172,891","122,348","88,967","63,684","44,739","20,182","3,989","474","1,098,635","1,098,635","26,668","36,423","51,151","53,448","50,998","64,367","71,762","66,909","79,241","86,989","91,986","95,678","88,758","87,204","59,516","41,493","25,432","14,620","5,178","737","77","1,040,150","1,040,150","25,385","34,594","48,455","49,554","43,347","49,941","56,633","56,928","69,614","75,401","80,949","85,303","81,029","85,687","62,832","47,474","38,252","30,119","15,004","3,252","397"
"충청남도 천안시 (4413000000)","666,182","666,182","18,427","24,107","33,577","34,592","37,700","46,709","51,688","46,762","53,222","55,465","56,150","55,707","47,025","41,306","25,392","16,467","10,962","7,270","3,004","585","65","341,662","341,662","9,416","12,419","17,140","17,727","19,520","25,479","28,417","25,093","28,159","29,255","28,581","28,291","24,110","20,716","12,271","7,525","4,365","2,357","714","98","9","324,520","324,520","9,011","11,688","16,437","16,865","18,180","21,230","23,271","21,669","25,063","26,210","27,569","27,416","22,915","20,590","13,121","8,942","6,597","4,913","2,290","487","56"
"충청남도 천안시 동남구 (4413100000)","263,653","263,653","6,301","7,921","11,577","13,476","15,443","16,937","17,904","15,304","17,992","20,675","22,778","23,441","21,283","20,004","12,823","8,411","5,674","3,756","1,594","322","37","133,603","133,603","3,191","4,081","5,913","6,870","7,919","9,206","9,706","8,329","9,387","10,689","11,634","11,834","10,773","9,980","6,218","3,886","2,285","1,263","377","56","6","130,050","130,050","3,110","3,840","5,664","6,606","7,524","7,731","8,198","6,975","8,605","9,986","11,144","11,607","10,510","10,024","6,605","4,525","3,389","2,493","1,217","266","31"
"충청남도 천안시 서북구 (4413300000)","402,529","402,529","12,126","16,186","22,000","21,116","22,257","29,772","33,784","31,458","35,230","34,790","33,372","32,266","25,742","21,302","12,569","8,056","5,288","3,514","1,410","263","28","208,059","208,059","6,225","8,338","11,227","10,857","11,601","16,273","18,711","16,764","18,772","18,566","16,947","16,457","13,337","10,736","6,053","3,639","2,080","1,094","337","42","3","194,470","194,470","5,901","7,848","10,773","10,259","10,656","13,499","15,073","14,694","16,458","16,224","16,425","15,809","12,405","10,566","6,516","4,417","3,208","2,420","1,073","221","25"
"충청남도 공주시 (4415000000)","99,757","99,757","1,436","2,000","3,248","4,623","5,743","4,290","4,110","3,808","4,834","5,921","7,261","8,908","9,562","10,974","8,089","5,838","4,241","3,061","1,471","298","41","49,758","49,758","763","1,035","1,696","2,365","2,604","2,429","2,355","2,042","2,534","3,113","3,792","4,624","4,910","5,501","4,011","2,829","1,672","1,023","382","68","10","49,999","49,999","673","965","1,552","2,258","3,139","1,861","1,755","1,766","2,300","2,808","3,469","4,284","4,652","5,473","4,078","3,009","2,569","2,038","1,089","230","31"
"충청남도 보령시 (4418000000)","91,260","91,260","1,542","2,221","3,214","3,670","3,008","3,683","3,874","3,506","4,865","5,985","7,412","8,286","8,576","9,818","7,583","5,783","4,068","2,736","1,149","242","39","46,271","46,271","794","1,133","1,634","1,907","1,713","2,099","2,242","1,928","2,613","3,296","4,027","4,438","4,493","4,895","3,566","2,640","1,622","918","273","35","5","44,989","44,989","748","1,088","1,580","1,763","1,295","1,584","1,632","1,578","2,252","2,689","3,385","3,848","4,083","4,923","4,017","3,143","2,446","1,818","876","207","34"
"충청남도 아산시 (4420000000)","363,678","363,678","12,054","16,356","21,364","19,799","16,462","21,038","25,956","26,831","32,045","32,739","29,565","27,468","22,983","21,123","14,196","9,824","6,919","4,585","1,932","403","36","189,700","189,700","6,139","8,391","11,022","10,215","9,037","11,893","14,162","14,223","17,069","17,860","15,985","14,685","12,220","10,727","6,813","4,400","2,750","1,542","488","72","7","173,978","173,978","5,915","7,965","10,342","9,584","7,425","9,145","11,794","12,608","14,976","14,879","13,580","12,783","10,763","10,396","7,383","5,424","4,169","3,043","1,444","331","29"
"충청남도 서산시 (4421000000)","171,136","171,136","4,230","5,780","8,265","8,328","6,426","8,603","9,707","9,565","11,414","13,256","14,498","15,245","13,844","13,833","9,533","7,380","5,268","3,652","1,893","369","47","89,625","89,625","2,187","2,951","4,231","4,412","3,846","5,231","5,824","5,390","6,112","7,069","7,764","8,161","7,267","6,970","4,666","3,559","2,212","1,203","502","63","5","81,511","81,511","2,043","2,829","4,034","3,916","2,580","3,372","3,883","4,175","5,302","6,187","6,734","7,084","6,577","6,863","4,867","3,821","3,056","2,449","1,391","306","42"
"충청남도 논산시 (4423000000)","105,977","105,977","1,812","2,722","3,865","4,276","3,619","4,588","4,716","4,250","5,387","6,478","8,242","9,553","9,939","11,369","8,679","6,370","4,793","3,401","1,587","292","39","53,276","53,276","961","1,392","1,971","2,254","2,019","2,602","2,653","2,296","2,804","3,400","4,464","5,062","5,153","5,738","4,235","2,928","1,881","1,022","373","61","7","52,701","52,701","851","1,330","1,894","2,022","1,600","1,986","2,063","1,954","2,583","3,078","3,778","4,491","4,786","5,631","4,444","3,442","2,912","2,379","1,214","231","32"
"충청남도 계룡시 (4425000000)","45,959","45,959","1,291","1,949","2,911","3,095","2,208","2,131","2,501","2,767","3,604","4,143","4,363","3,977","3,207","3,003","2,031","1,219","757","509","231","57","5","22,839","22,839","660","987","1,493","1,615","1,255","1,187","1,309","1,427","1,774","1,988","2,187","1,908","1,580","1,393","979","588","297","149","53","8","2","23,120","23,120","631","962","1,418","1,480","953","944","1,192","1,340","1,830","2,155","2,176","2,069","1,627","1,610","1,052","631","460","360","178","49","3"
"충청남도 당진시 (4427000000)","172,400","172,400","4,636","6,408","8,701","8,260","5,624","8,098","9,772","10,639","13,276","14,129","14,354","14,687","13,630","13,448","9,218","6,964","4,957","3,639","1,626","298","36","92,747","92,747","2,344","3,292","4,445","4,369","3,310","4,829","5,768","6,126","7,482","7,976","8,158","8,333","7,570","7,058","4,525","3,354","2,062","1,229","450","62","5","79,653","79,653","2,292","3,116","4,256","3,891","2,314","3,269","4,004","4,513","5,794","6,153","6,196","6,354","6,060","6,390","4,693","3,610","2,895","2,410","1,176","236","31"
"충청남도 금산군 (4471000000)","48,939","48,939","586","878","1,679","2,243","1,641","1,449","1,452","1,480","2,110","2,678","3,684","4,679","5,160","6,055","4,493","3,365","2,566","1,830","766","128","17","24,929","24,929","304","429","893","1,201","942","857","799","773","1,108","1,402","2,059","2,561","2,818","3,131","2,274","1,590","998","550","205","33","2","24,010","24,010","282","449","786","1,042","699","592","653","707","1,002","1,276","1,625","2,118","2,342","2,924","2,219","1,775","1,568","1,280","561","95","15"
"충청남도 부여군 (4476000000)","57,762","57,762","573","942","1,773","1,953","1,683","1,775","1,735","1,623","2,332","2,967","3,971","5,046","5,776","7,399","5,921","4,552","3,515","2,673","1,240","276","37","28,804","28,804","303","490","953","1,052","921","1,031","982","843","1,297","1,598","2,195","2,717","2,973","3,769","2,919","2,085","1,397","886","332","54","7","28,958","28,958","270","452","820","901","762","744","753","780","1,035","1,369","1,776","2,329","2,803","3,630","3,002","2,467","2,118","1,787","908","222","30"
"충청남도 서천군 (4477000000)","46,761","46,761","519","807","1,311","1,449","1,297","1,391","1,394","1,317","1,826","2,369","3,268","4,132","4,736","5,666","4,868","3,964","2,941","2,230","1,029","229","18","23,292","23,292","275","396","673","751","750","789","804","725","1,011","1,303","1,768","2,286","2,536","2,863","2,310","1,853","1,148","740","273","36","2","23,469","23,469","244","411","638","698","547","602","590","592","815","1,066","1,500","1,846","2,200","2,803","2,558","2,111","1,793","1,490","756","193","16"
"충청남도 청양군 (4479000000)","30,051","30,051","347","459","733","1,159","1,141","1,060","867","880","1,155","1,380","1,972","2,680","3,255","3,854","2,939","2,248","1,719","1,399","674","122","8","15,467","15,467","164","239","381","626","691","622","515","473","624","823","1,142","1,499","1,741","1,996","1,516","1,072","674","444","201","21","3","14,584","14,584","183","220","352","533","450","438","352","407","531","557","830","1,181","1,514","1,858","1,423","1,176","1,045","955","473","101","5"
"충청남도 홍성군 (4480000000)","101,566","101,566","2,455","3,544","4,696","4,776","3,691","4,552","5,420","5,265","6,290","7,008","7,996","8,329","8,322","8,935","6,833","5,244","3,772","2,823","1,330","259","26","50,917","50,917","1,255","1,829","2,428","2,434","2,064","2,469","2,994","2,774","3,173","3,596","4,226","4,470","4,233","4,467","3,308","2,424","1,444","908","370","47","4","50,649","50,649","1,200","1,715","2,268","2,342","1,627","2,083","2,426","2,491","3,117","3,412","3,770","3,859","4,089","4,468","3,525","2,820","2,328","1,915","960","212","22"
"충청남도 예산군 (4481000000)","78,318","78,318","1,436","1,724","2,563","2,839","2,423","2,883","3,225","3,266","3,848","4,454","5,827","6,916","7,631","8,751","6,984","5,232","3,848","2,930","1,256","244","38","39,389","39,389","738","865","1,346","1,504","1,340","1,649","1,734","1,756","2,076","2,377","3,199","3,757","3,977","4,335","3,419","2,443","1,499","989","333","48","5","38,929","38,929","698","859","1,217","1,335","1,083","1,234","1,491","1,510","1,772","2,077","2,628","3,159","3,654","4,416","3,565","2,789","2,349","1,941","923","196","33"
"충청남도 태안군 (4482500000)","59,039","59,039","709","1,120","1,706","1,940","1,679","2,058","1,978","1,878","2,647","3,418","4,372","5,368","6,141","7,357","5,589","4,517","3,358","2,001","994","187","22","29,959","29,959","365","575","845","1,016","986","1,201","1,204","1,040","1,405","1,933","2,439","2,886","3,177","3,645","2,704","2,203","1,411","660","229","31","4","29,080","29,080","344","545","861","924","693","857","774","838","1,242","1,485","1,933","2,482","2,964","3,712","2,885","2,314","1,947","1,341","765","156","18"
"전북특별자치도  (5200000000)","1,718,633","1,718,633","35,658","49,443","75,118","82,962","78,884","89,164","91,459","81,452","102,047","121,124","142,585","153,793","144,784","149,359","108,159","87,638","62,144","41,061","17,623","3,707","469","856,605","856,605","18,105","25,285","38,655","42,953","42,811","48,454","48,812","42,372","51,892","62,075","73,639","79,908","74,470","73,786","51,816","39,480","23,963","13,072","4,351","650","56","862,028","862,028","17,553","24,158","36,463","40,009","36,073","40,710","42,647","39,080","50,155","59,049","68,946","73,885","70,314","75,573","56,343","48,158","38,181","27,989","13,272","3,057","413"
"전북특별자치도 전주시 (5211000000)","620,874","620,874","14,195","21,312","31,804","33,869","35,119","39,749","39,413","34,896","42,160","48,389","53,552","53,564","45,863","43,270","30,518","23,813","15,488","9,296","3,726","792","86","304,497","304,497","7,194","10,920","16,232","17,389","18,558","20,842","20,760","17,895","20,867","23,723","26,177","26,495","22,155","20,189","14,028","10,356","6,254","3,265","1,028","159","11","316,377","316,377","7,001","10,392","15,572","16,480","16,561","18,907","18,653","17,001","21,293","24,666","27,375","27,069","23,708","23,081","16,490","13,457","9,234","6,031","2,698","633","75"
"전북특별자치도 전주시 완산구 (5211100000)","313,529","313,529","5,998","9,427","14,505","16,343","17,239","20,641","19,979","16,414","19,713","23,229","27,286","28,346","24,961","23,765","16,933","12,953","8,258","4,942","2,084","461","52","151,882","151,882","3,051","4,853","7,449","8,387","9,081","10,641","10,532","8,436","9,680","11,246","12,950","13,720","11,865","10,907","7,785","5,673","3,291","1,698","549","81","7","161,647","161,647","2,947","4,574","7,056","7,956","8,158","10,000","9,447","7,978","10,033","11,983","14,336","14,626","13,096","12,858","9,148","7,280","4,967","3,244","1,535","380","45"
"전북특별자치도 전주시 덕진구 (5211300000)","307,345","307,345","8,197","11,885","17,299","17,526","17,880","19,108","19,434","18,482","22,447","25,160","26,266","25,218","20,902","19,505","13,585","10,860","7,230","4,354","1,642","331","34","152,615","152,615","4,143","6,067","8,783","9,002","9,477","10,201","10,228","9,459","11,187","12,477","13,227","12,775","10,290","9,282","6,243","4,683","2,963","1,567","479","78","4","154,730","154,730","4,054","5,818","8,516","8,524","8,403","8,907","9,206","9,023","11,260","12,683","13,039","12,443","10,612","10,223","7,342","6,177","4,267","2,787","1,163","253","30"
"전북특별자치도 군산시 (5213000000)","255,591","255,591","5,488","7,949","12,394","12,590","10,807","12,716","13,384","12,456","17,248","20,143","22,616","22,922","20,659","21,560","15,575","12,235","7,931","4,590","1,882","395","51","129,749","129,749","2,760","4,004","6,342","6,543","6,013","7,195","7,377","6,513","8,889","10,612","11,868","12,099","10,738","10,499","7,479","5,578","3,164","1,519","499","53","5","125,842","125,842","2,728","3,945","6,052","6,047","4,794","5,521","6,007","5,943","8,359","9,531","10,748","10,823","9,921","11,061","8,096","6,657","4,767","3,071","1,383","342","46"
"전북특별자치도 익산시 (5214000000)","266,758","266,758","5,274","7,256","11,300","13,175","13,515","14,649","14,928","12,486","15,350","18,499","22,511","24,626","22,998","23,493","16,690","12,812","8,819","5,462","2,334","525","56","132,640","132,640","2,668","3,668","5,844","6,648","7,247","8,058","8,010","6,678","7,808","9,475","11,444","12,401","11,667","11,487","7,944","5,829","3,472","1,637","554","95","6","134,118","134,118","2,606","3,588","5,456","6,527","6,268","6,591","6,918","5,808","7,542","9,024","11,067","12,225","11,331","12,006","8,746","6,983","5,347","3,825","1,780","430","50"
"전북특별자치도 정읍시 (5218000000)","100,738","100,738","1,698","2,373","3,664","4,352","3,688","4,263","4,153","3,827","4,843","6,462","8,269","9,450","9,414","10,020","7,286","6,476","4,965","3,543","1,634","323","35","50,378","50,378","886","1,228","1,899","2,298","2,143","2,327","2,260","2,043","2,526","3,323","4,399","5,114","5,052","5,162","3,382","2,931","1,818","1,149","377","57","4","50,360","50,360","812","1,145","1,765","2,054","1,545","1,936","1,893","1,784","2,317","3,139","3,870","4,336","4,362","4,858","3,904","3,545","3,147","2,394","1,257","266","31"
"전북특별자치도 남원시 (5219000000)","73,812","73,812","1,271","1,836","2,713","3,195","2,504","2,789","2,772","2,652","3,463","4,473","6,094","7,042","6,847","7,459","5,770","4,942","3,670","2,769","1,239","271","41","36,310","36,310","630","957","1,445","1,707","1,426","1,516","1,497","1,352","1,775","2,222","3,185","3,714","3,658","3,729","2,807","2,202","1,300","864","271","46","7","37,502","37,502","641","879","1,268","1,488","1,078","1,273","1,275","1,300","1,688","2,251","2,909","3,328","3,189","3,730","2,963","2,740","2,370","1,905","968","225","34"
"전북특별자치도 김제시 (5221000000)","81,631","81,631","1,889","1,594","2,524","3,063","2,744","3,391","3,735","3,220","3,910","4,644","6,014","7,128","7,775","8,680","6,500","5,642","4,284","3,037","1,495","323","39","40,952","40,952","955","816","1,332","1,560","1,497","1,932","1,974","1,686","2,112","2,586","3,359","3,981","4,152","4,438","3,188","2,517","1,585","880","339","55","8","40,679","40,679","934","778","1,192","1,503","1,247","1,459","1,761","1,534","1,798","2,058","2,655","3,147","3,623","4,242","3,312","3,125","2,699","2,157","1,156","268","31"
"전북특별자치도 완주군 (5271000000)","100,102","100,102","2,640","2,944","4,257","4,341","3,791","4,688","6,098","5,222","6,132","6,852","7,928","8,893","8,756","8,978","6,510","4,900","3,509","2,346","1,040","242","35","51,435","51,435","1,395","1,478","2,160","2,288","2,141","2,592","3,195","2,714","3,180","3,618","4,322","4,810","4,740","4,658","3,354","2,384","1,375","733","257","39","2","48,667","48,667","1,245","1,466","2,097","2,053","1,650","2,096","2,903","2,508","2,952","3,234","3,606","4,083","4,016","4,320","3,156","2,516","2,134","1,613","783","203","33"
"전북특별자치도 진안군 (5272000000)","24,689","24,689","401","427","623","850","775","779","752","659","903","1,164","1,691","2,372","2,779","3,154","2,262","1,906","1,472","1,121","485","94","20","12,606","12,606","206","223","283","462","440","435","378","326","444","670","969","1,317","1,525","1,755","1,179","904","607","339","124","18","2","12,083","12,083","195","204","340","388","335","344","374","333","459","494","722","1,055","1,254","1,399","1,083","1,002","865","782","361","76","18"
"전북특별자치도 무주군 (5273000000)","23,326","23,326","278","406","700","949","755","734","828","705","954","1,280","1,731","2,215","2,435","2,770","2,059","1,565","1,356","1,067","446","77","16","11,772","11,772","137","207","382","475","396","424","453","381","519","688","988","1,238","1,324","1,477","1,031","689","497","337","114","13","2","11,554","11,554","141","199","318","474","359","310","375","324","435","592","743","977","1,111","1,293","1,028","876","859","730","332","64","14"
"전북특별자치도 장수군 (5274000000)","21,169","21,169","299","369","627","812","657","695","641","646","839","1,148","1,481","1,963","2,237","2,519","2,009","1,560","1,210","938","431","77","11","10,699","10,699","142","201","326","424","362","390","348","319","455","674","828","1,081","1,269","1,293","1,012","746","438","258","116","14","3","10,470","10,470","157","168","301","388","295","305","293","327","384","474","653","882","968","1,226","997","814","772","680","315","63","8"
"전북특별자치도 임실군 (5275000000)","25,342","25,342","449","497","619","733","637","797","854","773","951","1,226","1,548","2,354","2,706","3,083","2,318","2,093","1,635","1,350","577","124","18","13,157","13,157","232","263","326","403","376","460","462","423","521","752","922","1,326","1,548","1,726","1,243","949","617","425","150","31","2","12,185","12,185","217","234","293","330","261","337","392","350","430","474","626","1,028","1,158","1,357","1,075","1,144","1,018","925","427","93","16"
"전북특별자치도 순창군 (5277000000)","27,584","27,584","419","622","843","1,137","1,043","928","845","851","1,160","1,577","2,104","2,532","2,692","3,124","2,220","1,931","1,663","1,262","510","106","15","13,698","13,698","212","319","458","579","567","523","435","412","586","831","1,203","1,427","1,453","1,681","1,081","862","553","370","128","17","1","13,886","13,886","207","303","385","558","476","405","410","439","574","746","901","1,105","1,239","1,443","1,139","1,069","1,110","892","382","89","14"
"전북특별자치도 고창군 (5279000000)","50,071","50,071","690","974","1,578","2,290","1,397","1,549","1,588","1,562","2,104","2,605","3,548","4,474","4,842","5,771","4,290","4,000","3,296","2,296","986","197","34","25,169","25,169","337","521","847","1,348","791","920","855","811","1,143","1,436","2,027","2,517","2,629","2,911","2,068","1,851","1,230","687","215","22","3","24,902","24,902","353","453","731","942","606","629","733","751","961","1,169","1,521","1,957","2,213","2,860","2,222","2,149","2,066","1,609","771","175","31"
"전북특별자치도 부안군 (5280000000)","46,946","46,946","667","884","1,472","1,606","1,452","1,437","1,468","1,497","2,030","2,662","3,498","4,258","4,781","5,478","4,152","3,763","2,846","1,984","838","161","12","23,543","23,543","351","480","779","829","854","840","808","819","1,067","1,465","1,948","2,388","2,560","2,781","2,020","1,682","1,053","609","179","31","0","23,403","23,403","316","404","693","777","598","597","660","678","963","1,197","1,550","1,870","2,221","2,697","2,132","2,081","1,793","1,375","659","130","12"
"전라남도  (4600000000)","1,773,646","1,773,646","41,343","51,882","74,815","79,232","69,279","84,713","90,154","80,744","103,574","120,697","139,569","160,473","160,154","162,102","114,594","94,482","71,512","50,109","19,391","4,251","576","896,552","896,552","21,069","26,607","38,130","41,086","38,718","47,080","48,878","42,191","54,483","63,898","74,802","86,359","85,266","82,409","55,919","43,008","26,867","14,736","4,253","721","72","877,094","877,094","20,274","25,275","36,685","38,146","30,561","37,633","41,276","38,553","49,091","56,799","64,767","74,114","74,888","79,693","58,675","51,474","44,645","35,373","15,138","3,530","504"
"전라남도 목포시 (4611000000)","199,524","199,524","3,593","6,002","10,218","10,794","9,274","11,032","10,294","8,919","13,549","16,523","18,208","17,673","16,020","16,097","11,395","8,895","6,245","3,405","1,113","241","34","99,221","99,221","1,824","3,073","5,230","5,609","5,054","5,997","5,533","4,603","6,922","8,491","9,457","9,144","7,842","7,544","5,179","3,851","2,467","1,092","266","39","4","100,303","100,303","1,769","2,929","4,988","5,185","4,220","5,035","4,761","4,316","6,627","8,032","8,751","8,529","8,178","8,553","6,216","5,044","3,778","2,313","847","202","30"
"전라남도 여수시 (4613000000)","260,502","260,502","5,940","8,023","11,550","11,983","10,926","13,312","14,471","12,618","16,305","18,906","21,445","23,709","23,035","22,814","16,706","13,161","8,323","5,037","1,753","425","60","132,348","132,348","3,035","4,146","5,798","6,185","6,165","7,464","8,078","6,791","8,596","9,890","11,248","12,481","11,882","11,072","8,024","6,052","3,338","1,629","400","68","6","128,154","128,154","2,905","3,877","5,752","5,798","4,761","5,848","6,393","5,827","7,709","9,016","10,197","11,228","11,153","11,742","8,682","7,109","4,985","3,408","1,353","357","54"
"전라남도 순천시 (4615000000)","274,131","274,131","7,701","9,950","13,672","14,047","13,266","15,790","17,549","15,101","18,247","19,881","22,529","24,884","22,902","21,072","13,355","10,113","6,856","4,666","2,067","429","54","136,801","136,801","3,949","5,154","6,963","7,295","7,259","8,573","9,326","7,780","9,270","9,821","11,119","12,419","11,638","10,426","6,525","4,679","2,613","1,448","465","71","8","137,330","137,330","3,752","4,796","6,709","6,752","6,007","7,217","8,223","7,321","8,977","10,060","11,410","12,465","11,264","10,646","6,830","5,434","4,243","3,218","1,602","358","46"
"전라남도 나주시 (4617000000)","116,691","116,691","3,904","4,407","5,488","5,035","4,128","5,608","7,422","7,185","8,025","8,302","8,413","8,813","9,233","9,700","6,738","5,480","4,367","3,007","1,155","244","37","59,076","59,076","1,989","2,288","2,807","2,626","2,291","2,887","3,749","3,668","4,203","4,420","4,724","4,799","4,989","5,024","3,295","2,499","1,649","854","265","40","10","57,615","57,615","1,915","2,119","2,681","2,409","1,837","2,721","3,673","3,517","3,822","3,882","3,689","4,014","4,244","4,676","3,443","2,981","2,718","2,153","890","204","27"
"전라남도 광양시 (4623000000)","155,975","155,975","5,023","5,685","7,812","8,066","6,407","9,135","11,031","9,286","10,664","11,736","12,902","16,533","13,547","10,898","6,538","4,611","2,848","2,109","907","216","21","81,872","81,872","2,597","2,876","3,995","4,125","3,697","5,283","6,259","5,058","5,714","6,219","6,597","8,747","7,574","5,677","3,343","2,163","1,060","640","222","25","1","74,103","74,103","2,426","2,809","3,817","3,941","2,710","3,852","4,772","4,228","4,950","5,517","6,305","7,786","5,973","5,221","3,195","2,448","1,788","1,469","685","191","20"
"전라남도 담양군 (4671000000)","44,031","44,031","764","860","1,335","1,445","1,302","1,749","1,673","1,488","1,992","2,295","3,191","4,220","4,803","5,127","3,618","3,034","2,451","1,831","690","139","24","22,268","22,268","399","434","700","768","755","1,011","900","746","1,020","1,270","1,801","2,243","2,608","2,734","1,808","1,435","921","545","139","29","2","21,763","21,763","365","426","635","677","547","738","773","742","972","1,025","1,390","1,977","2,195","2,393","1,810","1,599","1,530","1,286","551","110","22"
"전라남도 곡성군 (4672000000)","27,657","27,657","342","414","663","934","873","925","1,021","790","1,012","1,363","1,982","2,672","3,083","3,323","2,298","2,043","1,658","1,427","646","157","31","13,814","13,814","167","200","341","524","511","512","541","397","544","733","1,094","1,479","1,678","1,802","1,177","931","607","394","150","28","4","13,843","13,843","175","214","322","410","362","413","480","393","468","630","888","1,193","1,405","1,521","1,121","1,112","1,051","1,033","496","129","27"
"전라남도 구례군 (4673000000)","24,337","24,337","276","415","713","815","758","787","683","609","923","1,289","1,730","2,461","2,740","2,943","2,047","1,800","1,579","1,191","462","104","12","11,905","11,905","130","207","356","434","410","438","381","288","477","654","951","1,332","1,504","1,523","972","816","549","354","109","18","2","12,432","12,432","146","208","357","381","348","349","302","321","446","635","779","1,129","1,236","1,420","1,075","984","1,030","837","353","86","10"
"전라남도 고흥군 (4677000000)","58,976","58,976","806","928","1,393","1,654","1,388","1,517","1,558","1,512","2,075","2,791","3,759","5,083","6,099","7,389","5,892","5,587","4,323","3,375","1,445","351","51","29,289","29,289","412","447","724","901","832","880","875","802","1,167","1,580","2,211","2,962","3,351","3,801","2,864","2,546","1,591","952","321","66","4","29,687","29,687","394","481","669","753","556","637","683","710","908","1,211","1,548","2,121","2,748","3,588","3,028","3,041","2,732","2,423","1,124","285","47"
"전라남도 보성군 (4678000000)","37,559","37,559","514","619","949","1,225","1,081","1,151","1,022","1,013","1,380","1,838","2,531","3,342","4,025","4,395","3,539","3,147","2,565","2,130","860","213","20","18,473","18,473","264","317","501","612","602","613","577","544","737","1,008","1,432","1,885","2,186","2,292","1,711","1,431","923","624","173","39","2","19,086","19,086","250","302","448","613","479","538","445","469","643","830","1,099","1,457","1,839","2,103","1,828","1,716","1,642","1,506","687","174","18"
"전라남도 화순군 (4679000000)","59,909","59,909","1,115","1,303","2,089","2,477","2,455","2,891","2,673","2,167","2,608","3,585","4,718","5,937","6,038","6,051","4,082","3,499","2,934","2,249","857","158","23","29,680","29,680","586","672","1,084","1,278","1,288","1,515","1,400","1,090","1,330","1,821","2,436","3,186","3,267","3,228","2,077","1,563","1,006","627","192","32","2","30,229","30,229","529","631","1,005","1,199","1,167","1,376","1,273","1,077","1,278","1,764","2,282","2,751","2,771","2,823","2,005","1,936","1,928","1,622","665","126","21"
"전라남도 장흥군 (4680000000)","33,952","33,952","566","665","1,103","1,143","993","1,188","1,094","1,112","1,457","1,804","2,304","3,115","3,437","3,843","2,887","2,551","2,099","1,686","733","159","13","16,794","16,794","289","329","560","605","584","652","633","601","775","1,012","1,260","1,765","1,828","1,937","1,415","1,126","764","485","144","27","3","17,158","17,158","277","336","543","538","409","536","461","511","682","792","1,044","1,350","1,609","1,906","1,472","1,425","1,335","1,201","589","132","10"
"전라남도 강진군 (4681000000)","31,666","31,666","663","709","926","1,116","886","1,183","1,095","1,041","1,328","1,613","2,132","2,708","3,202","3,692","2,627","2,418","2,009","1,566","594","138","20","15,593","15,593","330","341","483","575","507","669","613","534","694","882","1,196","1,484","1,687","1,897","1,291","1,083","751","439","113","22","2","16,073","16,073","333","368","443","541","379","514","482","507","634","731","936","1,224","1,515","1,795","1,336","1,335","1,258","1,127","481","116","18"
"전라남도 해남군 (4682000000)","62,027","62,027","1,067","1,345","1,944","2,305","1,912","2,179","2,031","1,937","2,699","3,534","4,551","5,626","6,271","7,180","5,260","4,591","3,750","2,659","951","208","27","31,262","31,262","562","701","953","1,207","1,102","1,239","1,135","1,057","1,465","1,930","2,582","3,169","3,433","3,725","2,510","2,072","1,402","796","191","29","2","30,765","30,765","505","644","991","1,098","810","940","896","880","1,234","1,604","1,969","2,457","2,838","3,455","2,750","2,519","2,348","1,863","760","179","25"
"전라남도 영암군 (4683000000)","50,076","50,076","795","1,150","1,750","2,010","1,768","2,161","1,910","1,782","2,730","3,415","4,233","4,855","5,087","4,904","3,495","2,927","2,453","1,756","726","146","23","26,445","26,445","394","587","886","1,047","1,075","1,323","1,102","957","1,564","2,060","2,516","2,785","2,908","2,642","1,714","1,325","882","486","159","27","6","23,631","23,631","401","563","864","963","693","838","808","825","1,166","1,355","1,717","2,070","2,179","2,262","1,781","1,602","1,571","1,270","567","119","17"
"전라남도 무안군 (4684000000)","95,659","95,659","3,249","3,986","5,654","5,350","4,218","4,913","5,716","5,640","7,392","7,710","7,222","7,082","6,690","6,623","4,760","3,786","2,928","1,869","696","153","22","48,111","48,111","1,613","2,076","2,855","2,707","2,300","2,655","2,898","2,774","3,745","3,974","3,835","3,877","3,577","3,373","2,302","1,751","1,134","498","143","23","1","47,548","47,548","1,636","1,910","2,799","2,643","1,918","2,258","2,818","2,866","3,647","3,736","3,387","3,205","3,113","3,250","2,458","2,035","1,794","1,371","553","130","21"
"전라남도 함평군 (4686000000)","29,601","29,601","434","474","745","949","821","978","946","900","1,114","1,506","2,138","2,709","3,151","3,510","2,675","2,249","2,001","1,571","591","122","17","15,132","15,132","229","242","377","508","472","560","554","464","627","876","1,272","1,600","1,821","1,902","1,340","1,007","691","440","128","22","0","14,469","14,469","205","232","368","441","349","418","392","436","487","630","866","1,109","1,330","1,608","1,335","1,242","1,310","1,131","463","100","17"
"전라남도 영광군 (4687000000)","53,902","53,902","1,830","1,498","1,752","2,164","1,914","2,513","2,661","2,469","2,740","3,260","3,977","4,642","4,808","5,083","3,819","3,376","2,715","1,857","663","141","20","27,011","27,011","924","730","891","1,118","1,035","1,393","1,357","1,242","1,489","1,803","2,240","2,623","2,584","2,618","1,829","1,478","989","505","133","28","2","26,891","26,891","906","768","861","1,046","879","1,120","1,304","1,227","1,251","1,457","1,737","2,019","2,224","2,465","1,990","1,898","1,726","1,352","530","113","18"
"전라남도 장성군 (4688000000)","43,095","43,095","909","962","1,434","1,582","1,473","1,848","1,835","1,624","1,954","2,560","3,266","3,988","4,231","4,521","3,310","2,851","2,254","1,673","685","118","17","22,160","22,160","447","504","720","821","830","1,137","964","846","1,034","1,410","1,822","2,275","2,383","2,434","1,677","1,311","875","483","156","27","4","20,935","20,935","462","458","714","761","643","711","871","778","920","1,150","1,444","1,713","1,848","2,087","1,633","1,540","1,379","1,190","529","91","13"
"전라남도 완도군 (4689000000)","44,175","44,175","779","1,097","1,566","1,575","1,222","1,409","1,338","1,371","2,241","2,800","3,152","3,846","4,241","4,792","3,706","3,380","2,847","1,964","676","154","19","22,482","22,482","395","580","825","838","719","807","759","753","1,255","1,634","1,831","2,228","2,289","2,376","1,840","1,520","1,074","577","152","27","3","21,693","21,693","384","517","741","737","503","602","579","618","986","1,166","1,321","1,618","1,952","2,416","1,866","1,860","1,773","1,387","524","127","16"
"전라남도 진도군 (4690000000)","27,882","27,882","461","601","886","1,034","815","1,017","877","900","1,225","1,544","2,015","2,452","2,806","3,178","2,249","2,072","1,815","1,344","475","105","11","14,068","14,068","230","270","463","532","475","598","489","456","685","903","1,180","1,415","1,544","1,642","1,114","963","623","365","102","17","2","13,814","13,814","231","331","423","502","340","419","388","444","540","641","835","1,037","1,262","1,536","1,135","1,109","1,192","979","373","88","9"
"전라남도 신안군 (4691000000)","42,319","42,319","612","789","1,173","1,529","1,399","1,427","1,254","1,280","1,914","2,442","3,171","4,123","4,705","4,967","3,598","2,911","2,492","1,737","646","130","20","22,747","22,747","304","433","618","771","755","874","755","740","1,170","1,507","1,998","2,461","2,693","2,740","1,912","1,406","958","503","130","17","2","19,572","19,572","308","356","555","758","644","553","499","540","744","935","1,173","1,662","2,012","2,227","1,686","1,505","1,534","1,234","516","113","18"
"경상북도  (4700000000)","2,495,919","2,495,919","52,008","71,645","104,655","109,965","97,501","115,981","128,675","122,543","152,680","175,345","201,213","227,947","228,254","236,147","175,418","121,519","85,091","59,624","24,418","4,703","587","1,264,218","1,264,218","26,817","36,706","54,222","58,124","55,414","66,861","72,567","66,386","79,778","91,861","104,355","117,929","117,822","118,375","84,097","55,813","32,287","18,260","5,698","763","83","1,231,701","1,231,701","25,191","34,939","50,433","51,841","42,087","49,120","56,108","56,157","72,902","83,484","96,858","110,018","110,432","117,772","91,321","65,706","52,804","41,364","18,720","3,940","504"
"경상북도 포항시 (4711000000)","487,008","487,008","11,641","15,850","23,549","22,335","17,391","24,949","28,434","26,095","33,001","36,707","39,697","43,863","42,696","44,548","32,895","20,417","12,390","7,303","2,656","531","60","246,682","246,682","6,067","8,202","12,277","11,685","10,015","14,381","16,348","14,114","16,934","18,779","19,855","22,098","21,150","21,212","15,906","9,643","4,977","2,363","583","83","10","240,326","240,326","5,574","7,648","11,272","10,650","7,376","10,568","12,086","11,981","16,067","17,928","19,842","21,765","21,546","23,336","16,989","10,774","7,413","4,940","2,073","448","50"
"경상북도 포항시 남구 (4711100000)","212,298","212,298","4,025","6,432","10,288","9,686","7,730","11,383","11,383","10,384","14,284","16,460","17,539","19,287","18,598","19,942","15,196","9,445","5,679","3,194","1,126","216","21","110,104","110,104","2,109","3,320","5,363","5,094","4,619","6,953","6,887","5,690","7,443","8,723","9,162","10,185","9,479","9,507","7,410","4,481","2,352","1,049","248","28","2","102,194","102,194","1,916","3,112","4,925","4,592","3,111","4,430","4,496","4,694","6,841","7,737","8,377","9,102","9,119","10,435","7,786","4,964","3,327","2,145","878","188","19"
"경상북도 포항시 북구 (4711300000)","274,710","274,710","7,616","9,418","13,261","12,649","9,661","13,566","17,051","15,711","18,717","20,247","22,158","24,576","24,098","24,606","17,699","10,972","6,711","4,109","1,530","315","39","136,578","136,578","3,958","4,882","6,914","6,591","5,396","7,428","9,461","8,424","9,491","10,056","10,693","11,913","11,671","11,705","8,496","5,162","2,625","1,314","335","55","8","138,132","138,132","3,658","4,536","6,347","6,058","4,265","6,138","7,590","7,287","9,226","10,191","11,465","12,663","12,427","12,901","9,203","5,810","4,086","2,795","1,195","260","31"
"경상북도 경주시 (4713000000)","243,051","243,051","4,806","6,363","8,957","9,628","8,806","10,916","11,948","11,173","13,528","16,219","20,475","23,849","24,125","23,974","17,927","12,768","8,868","5,843","2,396","431","51","121,760","121,760","2,504","3,252","4,568","5,072","4,971","6,096","6,690","6,019","7,052","8,540","10,443","12,250","12,402","11,928","8,470","5,792","3,390","1,702","542","66","11","121,291","121,291","2,302","3,111","4,389","4,556","3,835","4,820","5,258","5,154","6,476","7,679","10,032","11,599","11,723","12,046","9,457","6,976","5,478","4,141","1,854","365","40"
"경상북도 김천시 (4715000000)","132,740","132,740","3,011","3,972","5,616","6,365","4,513","5,596","6,631","6,236","7,818","9,079","10,100","11,944","12,128","12,802","9,769","6,828","4,734","3,692","1,536","333","37","66,946","66,946","1,562","2,068","2,905","3,643","2,558","3,160","3,716","3,333","4,032","4,814","5,220","6,171","6,276","6,448","4,614","3,113","1,768","1,095","375","71","4","65,794","65,794","1,449","1,904","2,711","2,722","1,955","2,436","2,915","2,903","3,786","4,265","4,880","5,773","5,852","6,354","5,155","3,715","2,966","2,597","1,161","262","33"
"경상북도 안동시 (4717000000)","151,864","151,864","2,983","4,028","5,963","7,134","7,641","7,257","7,406","6,574","8,150","9,935","12,009","13,183","13,008","14,632","11,284","8,104","6,124","4,317","1,729","358","45","75,321","75,321","1,536","2,095","3,148","3,761","4,141","3,898","4,102","3,464","4,111","5,118","6,250","6,829","6,553","7,222","5,154","3,743","2,328","1,378","414","69","7","76,543","76,543","1,447","1,933","2,815","3,373","3,500","3,359","3,304","3,110","4,039","4,817","5,759","6,354","6,455","7,410","6,130","4,361","3,796","2,939","1,315","289","38"
"경상북도 구미시 (4719000000)","402,726","402,726","10,499","15,931","22,770","21,911","18,609","23,914","28,952","28,169","34,006","35,453","35,192","36,544","30,719","25,155","15,040","8,621","5,552","3,696","1,635","314","44","208,468","208,468","5,360","8,144","11,742","11,606","10,908","14,141","16,079","15,384","17,743","18,246","17,411","18,165","15,938","12,834","7,328","3,919","2,033","1,059","366","58","4","194,258","194,258","5,139","7,787","11,028","10,305","7,701","9,773","12,873","12,785","16,263","17,207","17,781","18,379","14,781","12,321","7,712","4,702","3,519","2,637","1,269","256","40"
"경상북도 영주시 (4721000000)","96,440","96,440","1,615","2,336","3,667","4,768","3,671","3,874","3,759","3,641","4,692","6,030","7,598","8,744","8,816","10,129","8,275","5,884","4,303","3,093","1,256","252","37","47,988","47,988","821","1,203","1,922","2,635","2,124","2,250","2,106","2,003","2,399","3,114","3,925","4,564","4,481","4,922","3,767","2,698","1,652","1,021","328","48","5","48,452","48,452","794","1,133","1,745","2,133","1,547","1,624","1,653","1,638","2,293","2,916","3,673","4,180","4,335","5,207","4,508","3,186","2,651","2,072","928","204","32"
"경상북도 영천시 (4723000000)","94,107","94,107","1,892","2,083","2,735","3,279","2,595","3,374","3,850","3,746","4,599","5,231","7,145","9,013","9,903","10,776","8,484","6,426","4,524","3,022","1,214","202","14","48,102","48,102","975","1,072","1,403","1,764","1,532","2,003","2,189","1,959","2,536","2,905","3,954","4,799","5,318","5,574","4,137","3,026","1,682","958","285","29","2","46,005","46,005","917","1,011","1,332","1,515","1,063","1,371","1,661","1,787","2,063","2,326","3,191","4,214","4,585","5,202","4,347","3,400","2,842","2,064","929","173","12"
"경상북도 상주시 (4725000000)","89,228","89,228","1,400","1,893","3,004","3,770","2,720","2,996","2,858","2,995","4,052","4,934","6,466","7,829","9,105","10,618","8,178","6,177","4,607","3,690","1,577","310","49","44,149","44,149","746","957","1,622","2,034","1,607","1,689","1,593","1,582","2,159","2,634","3,419","4,180","4,769","5,368","3,877","2,781","1,660","1,045","388","34","5","45,079","45,079","654","936","1,382","1,736","1,113","1,307","1,265","1,413","1,893","2,300","3,047","3,649","4,336","5,250","4,301","3,396","2,947","2,645","1,189","276","44"
"경상북도 문경시 (4728000000)","64,774","64,774","912","1,448","2,212","2,546","1,957","2,308","2,178","2,171","2,993","3,687","4,777","5,770","6,536","7,592","6,072","4,506","3,362","2,502","1,018","197","30","31,877","31,877","474","748","1,161","1,351","1,121","1,320","1,196","1,163","1,545","1,938","2,554","3,044","3,345","3,816","2,870","1,997","1,242","767","193","29","3","32,897","32,897","438","700","1,051","1,195","836","988","982","1,008","1,448","1,749","2,223","2,726","3,191","3,776","3,202","2,509","2,120","1,735","825","168","27"
"경상북도 경산시 (4729000000)","263,406","263,406","6,014","7,744","11,212","12,070","17,327","15,720","15,888","14,349","16,673","19,214","22,136","23,582","21,664","20,749","14,880","10,721","6,985","4,451","1,709","288","30","132,254","132,254","3,030","3,916","5,700","6,036","9,187","8,970","8,807","7,817","8,757","9,824","11,175","11,707","10,839","10,158","6,934","4,750","2,777","1,414","403","45","8","131,152","131,152","2,984","3,828","5,512","6,034","8,140","6,750","7,081","6,532","7,916","9,390","10,961","11,875","10,825","10,591","7,946","5,971","4,208","3,037","1,306","243","22"
"경상북도 의성군 (4773000000)","47,952","47,952","630","634","869","1,159","835","1,044","1,266","1,334","1,687","2,048","2,792","4,140","5,487","6,815","5,743","4,212","3,364","2,554","1,126","193","20","24,138","24,138","333","339","450","683","498","591","722","769","950","1,206","1,640","2,353","2,927","3,586","2,813","1,921","1,268","769","288","30","2","23,814","23,814","297","295","419","476","337","453","544","565","737","842","1,152","1,787","2,560","3,229","2,930","2,291","2,096","1,785","838","163","18"
"경상북도 청송군 (4775000000)","24,020","24,020","339","370","477","528","488","749","795","772","902","1,078","1,528","2,294","2,857","3,184","2,552","1,890","1,538","1,137","441","90","11","12,160","12,160","183","180","245","271","271","431","517","459","510","628","883","1,251","1,545","1,603","1,269","884","552","357","108","12","1","11,860","11,860","156","190","232","257","217","318","278","313","392","450","645","1,043","1,312","1,581","1,283","1,006","986","780","333","78","10"
"경상북도 영양군 (4776000000)","15,972","15,972","149","253","389","479","409","488","478","467","586","769","1,067","1,509","1,894","2,060","1,622","1,167","1,042","782","277","72","13","8,061","8,061","65","142","218","249","231","277","282","249","326","447","622","878","1,025","1,054","782","538","369","238","56","13","0","7,911","7,911","84","111","171","230","178","211","196","218","260","322","445","631","869","1,006","840","629","673","544","221","59","13"
"경상북도 영덕군 (4777000000)","32,560","32,560","381","509","815","897","696","824","934","855","1,302","1,639","2,182","3,005","3,576","4,091","3,417","2,674","2,285","1,665","666","135","12","15,665","15,665","197","230","435","472","410","452","547","450","675","870","1,213","1,665","1,885","2,008","1,595","1,148","762","483","146","21","1","16,895","16,895","184","279","380","425","286","372","387","405","627","769","969","1,340","1,691","2,083","1,822","1,526","1,523","1,182","520","114","11"
"경상북도 청도군 (4782000000)","40,021","40,021","484","492","857","1,107","751","876","1,020","1,071","1,493","1,993","2,594","3,581","4,657","5,729","4,609","3,525","2,343","1,845","825","148","21","20,068","20,068","239","252","446","568","425","496","581","587","799","1,108","1,469","1,910","2,536","3,008","2,285","1,667","911","563","197","18","3","19,953","19,953","245","240","411","539","326","380","439","484","694","885","1,125","1,671","2,121","2,721","2,324","1,858","1,432","1,282","628","130","18"
"경상북도 고령군 (4783000000)","29,545","29,545","388","455","738","872","741","904","934","935","1,219","1,591","2,262","2,923","3,416","3,867","2,941","2,101","1,513","1,163","485","85","12","15,292","15,292","205","231","394","467","436","539","532","502","680","873","1,301","1,666","1,880","2,057","1,518","967","568","344","113","15","4","14,253","14,253","183","224","344","405","305","365","402","433","539","718","961","1,257","1,536","1,810","1,423","1,134","945","819","372","70","8"
"경상북도 성주군 (4784000000)","40,461","40,461","615","598","867","1,085","792","1,045","1,378","1,348","1,688","2,089","2,820","3,856","5,037","5,684","4,249","3,117","1,964","1,463","635","121","10","21,207","21,207","303","286","424","589","483","609","835","766","956","1,265","1,657","2,140","2,737","3,114","2,161","1,481","797","456","132","15","1","19,254","19,254","312","312","443","496","309","436","543","582","732","824","1,163","1,716","2,300","2,570","2,088","1,636","1,167","1,007","503","106","9"
"경상북도 칠곡군 (4785000000)","103,537","103,537","1,468","3,074","5,095","5,088","3,798","4,340","4,521","4,993","7,548","9,427","10,537","10,540","9,338","8,448","5,645","3,877","2,801","1,963","859","151","26","54,579","54,579","732","1,570","2,671","2,681","2,260","2,666","2,620","2,734","4,095","5,099","5,709","5,700","5,122","4,492","2,800","1,806","997","587","208","24","6","48,958","48,958","736","1,504","2,424","2,407","1,538","1,674","1,901","2,259","3,453","4,328","4,828","4,840","4,216","3,956","2,845","2,071","1,804","1,376","651","127","20"
"경상북도 예천군 (4790000000)","53,422","53,422","1,466","1,955","2,514","2,189","1,402","1,715","2,251","2,626","3,107","3,541","3,557","3,821","4,431","5,311","4,479","3,232","2,529","2,141","951","186","18","26,468","26,468","756","965","1,280","1,137","846","938","1,173","1,335","1,528","1,852","1,993","2,062","2,268","2,775","2,174","1,462","985","679","234","25","1","26,954","26,954","710","990","1,234","1,052","556","777","1,078","1,291","1,579","1,689","1,564","1,759","2,163","2,536","2,305","1,770","1,544","1,462","717","161","17"
"경상북도 봉화군 (4792000000)","28,122","28,122","276","434","677","944","606","655","646","693","979","1,287","1,821","2,618","3,363","3,960","3,078","2,211","1,710","1,406","618","116","24","14,399","14,399","154","223","366","458","370","393","382","386","532","741","1,106","1,449","1,823","2,101","1,581","1,058","641","449","156","28","2","13,723","13,723","122","211","311","486","236","262","264","307","447","546","715","1,169","1,540","1,859","1,497","1,153","1,069","957","462","88","22"
"경상북도 울진군 (4793000000)","46,195","46,195","934","1,086","1,461","1,607","1,520","2,040","2,142","1,922","2,175","2,816","3,623","4,415","4,520","4,958","3,596","2,557","2,214","1,699","721","168","21","23,689","23,689","522","565","743","857","874","1,281","1,281","1,074","1,160","1,512","2,044","2,475","2,448","2,522","1,705","1,182","796","465","155","25","3","22,506","22,506","412","521","718","750","646","759","861","848","1,015","1,304","1,579","1,940","2,072","2,436","1,891","1,375","1,418","1,234","566","143","18"
"경상북도 울릉군 (4794000000)","8,768","8,768","105","137","211","204","233","397","406","378","482","578","835","924","978","1,065","683","504","339","197","88","22","2","4,945","4,945","53","66","102","105","146","280","269","237","299","348","512","573","555","573","357","237","132","68","28","5","0","3,823","3,823","52","71","109","99","87","117","137","141","183","230","323","351","423","492","326","267","207","129","60","17","2"
"경상남도  (4800000000)","3,195,351","3,195,351","69,970","102,132","153,969","158,116","126,802","153,760","173,441","167,787","216,362","251,959","276,486","298,564","275,774","277,368","192,118","130,514","86,255","56,781","22,224","4,457","512","1,611,870","1,611,870","35,848","52,711","79,252","82,498","71,845","86,607","94,897","88,681","111,697","129,881","141,740","151,837","140,356","137,685","92,104","59,059","32,855","16,849","4,776","636","56","1,583,481","1,583,481","34,122","49,421","74,717","75,618","54,957","67,153","78,544","79,106","104,665","122,078","134,746","146,727","135,418","139,683","100,014","71,455","53,400","39,932","17,448","3,821","456"
"경상남도 창원시 (4812000000)","986,273","986,273","23,199","32,339","47,475","47,070","40,667","54,311","61,073","57,650","69,803","79,137","83,986","91,338","85,212","82,784","56,052","35,435","20,878","12,401","4,507","868","88","498,877","498,877","11,766","16,654","24,471","24,492","22,974","30,975","33,726","30,705","36,277","40,772","42,241","44,958","42,086","40,411","26,679","16,146","8,430","3,969","1,021","115","9","487,396","487,396","11,433","15,685","23,004","22,578","17,693","23,336","27,347","26,945","33,526","38,365","41,745","46,380","43,126","42,373","29,373","19,289","12,448","8,432","3,486","753","79"
"경상남도 창원시 의창구 (4812100000)","209,377","209,377","5,100","6,947","9,680","9,375","8,671","12,189","13,708","12,312","14,789","15,856","17,460","20,360","19,505","18,022","11,486","6,768","3,788","2,283","875","185","18","106,478","106,478","2,617","3,566","4,891","4,918","4,921","6,925","7,538","6,592","7,673","8,155","8,793","9,790","9,768","9,055","5,626","3,235","1,523","681","187","21","3","102,899","102,899","2,483","3,381","4,789","4,457","3,750","5,264","6,170","5,720","7,116","7,701","8,667","10,570","9,737","8,967","5,860","3,533","2,265","1,602","688","164","15"
"경상남도 창원시 성산구 (4812300000)","245,292","245,292","6,928","8,674","11,841","11,880","10,579","16,776","18,776","17,458","17,589","19,004","21,099","24,563","22,556","18,298","9,388","4,969","2,558","1,588","624","131","13","125,181","125,181","3,491","4,421","6,117","6,215","5,991","9,669","10,419","9,353","9,097","9,509","9,892","11,507","11,082","9,537","4,762","2,437","1,048","488","129","17","0","120,111","120,111","3,437","4,253","5,724","5,665","4,588","7,107","8,357","8,105","8,492","9,495","11,207","13,056","11,474","8,761","4,626","2,532","1,510","1,100","495","114","13"
"경상남도 창원시 마산합포구 (4812500000)","174,487","174,487","3,778","5,311","7,941","7,310","6,693","7,818","9,088","9,119","12,030","13,368","13,362","14,754","14,490","16,746","13,075","9,047","5,691","3,375","1,227","239","25","86,258","86,258","1,876","2,791","4,084","3,777","3,708","4,361","4,840","4,754","6,269","7,102","6,872","7,409","7,020","7,790","5,972","3,994","2,230","1,076","302","29","2","88,229","88,229","1,902","2,520","3,857","3,533","2,985","3,457","4,248","4,365","5,761","6,266","6,490","7,345","7,470","8,956","7,103","5,053","3,461","2,299","925","210","23"
"경상남도 창원시 마산회원구 (4812700000)","174,175","174,175","3,269","4,875","7,645","8,252","6,993","8,284","9,185","8,783","11,099","13,652","14,928","16,548","15,560","16,221","12,270","8,216","4,760","2,630","850","143","12","86,623","86,623","1,683","2,489","3,974","4,317","3,840","4,585","4,968","4,668","5,772","7,013","7,526","8,252","7,611","7,568","5,646","3,595","2,004","905","186","19","2","87,552","87,552","1,586","2,386","3,671","3,935","3,153","3,699","4,217","4,115","5,327","6,639","7,402","8,296","7,949","8,653","6,624","4,621","2,756","1,725","664","124","10"
"경상남도 창원시 진해구 (4812900000)","182,942","182,942","4,124","6,532","10,368","10,253","7,731","9,244","10,316","9,978","14,296","17,257","17,137","15,113","13,101","13,497","9,833","6,435","4,081","2,525","931","170","20","94,337","94,337","2,099","3,387","5,405","5,265","4,514","5,435","5,961","5,338","7,466","8,993","9,158","8,000","6,605","6,461","4,673","2,885","1,625","819","217","29","2","88,605","88,605","2,025","3,145","4,963","4,988","3,217","3,809","4,355","4,640","6,830","8,264","7,979","7,113","6,496","7,036","5,160","3,550","2,456","1,706","714","141","18"
"경상남도 진주시 (4817000000)","334,651","334,651","8,749","11,194","16,241","17,152","18,087","18,997","20,247","18,602","21,827","24,533","27,514","29,277","25,611","26,794","18,841","13,506","9,060","5,667","2,261","441","50","165,406","165,406","4,492","5,803","8,425","8,932","10,024","10,511","10,863","9,759","10,807","12,148","13,703","14,411","12,564","12,707","8,649","5,872","3,504","1,680","475","73","4","169,245","169,245","4,257","5,391","7,816","8,220","8,063","8,486","9,384","8,843","11,020","12,385","13,811","14,866","13,047","14,087","10,192","7,634","5,556","3,987","1,786","368","46"
"경상남도 통영시 (4822000000)","115,890","115,890","1,653","2,950","5,616","6,432","4,388","4,011","4,073","4,591","7,402","9,625","10,652","11,028","10,563","11,699","8,426","5,980","3,655","2,195","781","155","15","58,214","58,214","855","1,489","2,841","3,309","2,520","2,296","2,173","2,348","3,770","5,074","5,772","5,797","5,300","5,689","3,965","2,770","1,408","647","169","19","3","57,676","57,676","798","1,461","2,775","3,123","1,868","1,715","1,900","2,243","3,632","4,551","4,880","5,231","5,263","6,010","4,461","3,210","2,247","1,548","612","136","12"
"경상남도 사천시 (4824000000)","107,882","107,882","2,180","2,973","4,743","5,227","3,808","4,956","5,554","4,863","6,606","8,433","9,522","9,931","8,990","9,606","7,219","5,506","3,919","2,590","1,023","214","19","54,823","54,823","1,114","1,553","2,445","2,746","2,270","2,990","3,306","2,667","3,459","4,370","5,091","5,256","4,687","4,637","3,398","2,423","1,397","765","222","27","0","53,059","53,059","1,066","1,420","2,298","2,481","1,538","1,966","2,248","2,196","3,147","4,063","4,431","4,675","4,303","4,969","3,821","3,083","2,522","1,825","801","187","19"
"경상남도 사천남양출장소 (4824500000)","0","0","0","0","0","0","0","0","0","0","0","0","0","0","0","0","0","0","0","0","0","0","0","0","0","0","0","0","0","0","0","0","0","0","0","0","0","0","0","0","0","0","0","0","0","0","0","0","0","0","0","0","0","0","0","0","0","0","0","0","0","0","0","0","0","0","0","0","0"
"경상남도 김해시 (4825000000)","532,777","532,777","13,567","19,559","28,961","29,510","23,859","28,679","33,623","31,320","39,079","46,092","51,549","52,928","43,304","36,754","22,470","14,486","9,169","5,454","2,001","374","39","269,434","269,434","6,985","10,111","14,696","15,136","13,388","15,684","17,962","16,508","20,019","23,092","25,428","26,602","22,359","18,702","10,877","6,307","3,480","1,599","444","51","4","263,343","263,343","6,582","9,448","14,265","14,374","10,471","12,995","15,661","14,812","19,060","23,000","26,121","26,326","20,945","18,052","11,593","8,179","5,689","3,855","1,557","323","35"
"경상남도 장유출장소 (4825200000)","0","0","0","0","0","0","0","0","0","0","0","0","0","0","0","0","0","0","0","0","0","0","0","0","0","0","0","0","0","0","0","0","0","0","0","0","0","0","0","0","0","0","0","0","0","0","0","0","0","0","0","0","0","0","0","0","0","0","0","0","0","0","0","0","0","0","0","0","0"
"경상남도 밀양시 (4827000000)","98,591","98,591","1,341","2,112","3,148","3,676","2,837","3,492","3,862","3,605","4,900","5,951","7,152","9,006","10,454","12,141","9,418","6,523","4,554","2,978","1,201","217","23","48,978","48,978","672","1,074","1,638","1,948","1,669","2,041","2,276","1,949","2,611","3,146","3,760","4,569","5,275","6,007","4,529","2,943","1,721","856","259","32","3","49,613","49,613","669","1,038","1,510","1,728","1,168","1,451","1,586","1,656","2,289","2,805","3,392","4,437","5,179","6,134","4,889","3,580","2,833","2,122","942","185","20"
"경상남도 거제시 (4831000000)","229,029","229,029","4,561","8,872","14,924","13,734","8,364","9,428","9,955","11,968","20,528","23,190","23,615","21,757","17,560","16,793","10,521","6,226","3,653","2,201","954","200","25","120,466","120,466","2,374","4,601","7,726","7,184","4,993","5,371","5,526","6,153","10,798","12,606","12,779","11,911","9,262","8,570","5,203","3,100","1,426","654","199","27","3","108,563","108,563","2,187","4,271","7,198","6,550","3,371","4,057","4,429","5,815","9,730","10,584","10,836","9,846","8,298","8,223","5,318","3,126","2,227","1,547","755","173","22"
"경상남도 양산시 (4833000000)","361,389","361,389","9,838","14,368","19,567","18,154","13,722","17,395","22,163","22,667","28,211","31,641","31,470","32,152","28,255","27,301","18,458","11,941","7,677","4,489","1,548","339","33","181,064","181,064","5,053","7,399","9,969","9,323","7,415","9,343","11,606","11,782","14,613","16,132","15,952","15,841","14,353","13,264","8,640","5,370","3,126","1,415","405","55","8","180,325","180,325","4,785","6,969","9,598","8,831","6,307","8,052","10,557","10,885","13,598","15,509","15,518","16,311","13,902","14,037","9,818","6,571","4,551","3,074","1,143","284","25"
"경상남도 양산시웅상출장소 (4833200000)","0","0","0","0","0","0","0","0","0","0","0","0","0","0","0","0","0","0","0","0","0","0","0","0","0","0","0","0","0","0","0","0","0","0","0","0","0","0","0","0","0","0","0","0","0","0","0","0","0","0","0","0","0","0","0","0","0","0","0","0","0","0","0","0","0","0","0","0","0"
"경상남도 의령군 (4872000000)","24,531","24,531","260","380","596","696","581","647","683","691","915","1,231","1,659","2,332","2,644","3,349","2,495","1,870","1,543","1,267","557","115","20","12,302","12,302","146","190","340","372","356","396","382","348","471","712","933","1,285","1,472","1,829","1,284","857","489","333","92","11","4","12,229","12,229","114","190","256","324","225","251","301","343","444","519","726","1,047","1,172","1,520","1,211","1,013","1,054","934","465","104","16"
"경상남도 함안군 (4873000000)","56,867","56,867","660","1,267","2,297","2,791","1,726","1,796","1,847","1,873","2,869","4,013","4,702","5,470","5,785","6,514","4,890","3,344","2,348","1,829","693","144","9","29,253","29,253","328","679","1,183","1,435","1,076","1,092","1,101","984","1,438","2,104","2,619","3,055","3,129","3,455","2,476","1,621","829","488","143","17","1","27,614","27,614","332","588","1,114","1,356","650","704","746","889","1,431","1,909","2,083","2,415","2,656","3,059","2,414","1,723","1,519","1,341","550","127","8"
"경상남도 창녕군 (4874000000)","54,445","54,445","649","1,028","1,679","2,068","1,166","1,451","1,727","1,773","2,489","3,037","3,802","5,154","6,007","7,076","5,346","3,925","2,923","2,125","840","167","13","27,401","27,401","350","536","871","1,102","708","863","1,008","1,030","1,312","1,679","2,113","2,876","3,119","3,618","2,626","1,782","1,029","588","173","17","1","27,044","27,044","299","492","808","966","458","588","719","743","1,177","1,358","1,689","2,278","2,888","3,458","2,720","2,143","1,894","1,537","667","150","12"
"경상남도 고성군 (4882000000)","46,808","46,808","400","759","1,613","2,117","1,231","1,297","1,260","1,254","2,123","2,725","3,539","4,543","5,005","5,794","4,477","3,436","2,447","1,820","801","157","10","23,798","23,798","207","396","830","1,246","711","791","727","706","1,142","1,507","1,951","2,501","2,681","2,976","2,173","1,599","911","545","172","26","0","23,010","23,010","193","363","783","871","520","506","533","548","981","1,218","1,588","2,042","2,324","2,818","2,304","1,837","1,536","1,275","629","131","10"
"경상남도 남해군 (4884000000)","41,143","41,143","381","609","1,174","1,727","1,117","1,200","1,148","1,052","1,497","2,036","2,948","3,696","4,387","5,004","3,938","3,403","2,496","2,078","979","233","40","20,127","20,127","189","302","669","948","652","723","692","575","748","1,068","1,577","2,021","2,279","2,544","1,844","1,552","932","605","180","23","4","21,016","21,016","192","307","505","779","465","477","456","477","749","968","1,371","1,675","2,108","2,460","2,094","1,851","1,564","1,473","799","210","36"
"경상남도 하동군 (4885000000)","39,596","39,596","393","611","925","1,171","891","1,017","1,087","1,024","1,370","1,831","2,903","4,108","4,526","5,336","3,957","3,102","2,418","1,878","814","203","31","19,913","19,913","197","314","497","620","525","618","633","568","726","1,016","1,598","2,285","2,399","2,805","2,015","1,438","883","555","179","39","3","19,683","19,683","196","297","428","551","366","399","454","456","644","815","1,305","1,823","2,127","2,531","1,942","1,664","1,535","1,323","635","164","28"
"경상남도 산청군 (4886000000)","32,638","32,638","306","415","719","958","730","822","799","826","1,065","1,456","2,204","3,372","3,922","4,498","3,499","2,535","1,999","1,639","712","137","25","16,278","16,278","157","202","401","539","409","478","469","433","580","788","1,190","1,807","2,118","2,362","1,814","1,223","713","448","129","16","2","16,360","16,360","149","213","318","419","321","344","330","393","485","668","1,014","1,565","1,804","2,136","1,685","1,312","1,286","1,191","583","121","23"
"경상남도 함양군 (4887000000)","35,141","35,141","362","707","1,051","1,354","900","1,021","1,018","959","1,417","1,748","2,494","3,493","3,746","4,316","3,323","2,568","2,085","1,743","671","149","16","17,253","17,253","178","360","555","729","528","594","580","496","730","915","1,403","1,844","2,026","2,206","1,625","1,123","725","493","116","24","3","17,888","17,888","184","347","496","625","372","427","438","463","687","833","1,091","1,649","1,720","2,110","1,698","1,445","1,360","1,250","555","125","13"
"경상남도 거창군 (4888000000)","58,846","58,846","1,106","1,462","2,368","3,250","1,993","2,229","2,295","2,180","2,896","3,496","4,364","5,404","5,460","6,156","4,655","3,445","2,692","2,230","949","186","30","29,005","29,005","592","768","1,210","1,879","1,181","1,264","1,276","1,167","1,424","1,773","2,235","2,829","2,818","3,046","2,233","1,495","934","628","211","40","2","29,841","29,841","514","694","1,158","1,371","812","965","1,019","1,013","1,472","1,723","2,129","2,575","2,642","3,110","2,422","1,950","1,758","1,602","738","146","28"
"경상남도 합천군 (4889000000)","38,854","38,854","365","527","872","1,029","735","1,011","1,027","889","1,365","1,784","2,411","3,575","4,343","5,453","4,133","3,283","2,739","2,197","932","158","26","19,278","19,278","193","280","485","558","446","577","591","503","772","979","1,395","1,989","2,429","2,857","2,074","1,438","918","581","187","24","2","19,576","19,576","172","247","387","471","289","434","436","386","593","805","1,016","1,586","1,914","2,596","2,059","1,845","1,821","1,616","745","134","24"
"제주특별자치도  (5000000000)","662,792","662,792","17,105","25,771","35,368","34,515","28,632","35,135","40,418","36,465","47,606","53,765","58,535","59,791","52,964","47,001","31,849","23,170","16,944","11,241","5,154","1,166","197","331,124","331,124","8,705","13,227","18,055","17,816","15,696","18,427","20,917","18,229","23,748","27,242","30,197","30,992","27,119","23,302","15,085","10,410","6,873","3,687","1,222","161","14","331,668","331,668","8,400","12,544","17,313","16,699","12,936","16,708","19,501","18,236","23,858","26,523","28,338","28,799","25,845","23,699","16,764","12,760","10,071","7,554","3,932","1,005","183"
"제주특별자치도 제주시 (5011000000)","484,123","484,123","13,277","19,168","26,304","25,807","22,392","27,216","31,818","28,140","35,485","39,385","42,696","43,151","37,188","32,246","21,689","15,384","11,146","7,369","3,330","797","135","241,186","241,186","6,745","9,808","13,415","13,322","12,102","14,158","16,348","14,170","17,847","19,841","21,678","22,064","18,840","15,899","10,254","6,871","4,524","2,401","788","105","6","242,937","242,937","6,532","9,360","12,889","12,485","10,290","13,058","15,470","13,970","17,638","19,544","21,018","21,087","18,348","16,347","11,435","8,513","6,622","4,968","2,542","692","129"
"제주특별자치도 서귀포시 (5013000000)","178,669","178,669","3,828","6,603","9,064","8,708","6,240","7,919","8,600","8,325","12,121","14,380","15,839","16,640","15,776","14,755","10,160","7,786","5,798","3,872","1,824","369","62","89,938","89,938","1,960","3,419","4,640","4,494","3,594","4,269","4,569","4,059","5,901","7,401","8,519","8,928","8,279","7,403","4,831","3,539","2,349","1,286","434","56","8","88,731","88,731","1,868","3,184","4,424","4,214","2,646","3,650","4,031","4,266","6,220","6,979","7,320","7,712","7,497","7,352","5,329","4,247","3,449","2,586","1,390","313","54"
